company,ticker,period,fiscal_year,fiscal_quarter,frequency,category,statement,metric,value,unit,source_url
Alphabet Inc.,GOOG,2023-12-31,2023,FY,Annual,Capital Allocation,ratio,Capex as % of Revenue,10.49,%,https://www.sec.gov/Archives/edgar/data/1652044/000165204426000018/0001652044-26-000018-index.htm
Alphabet Inc.,GOOG,2023-12-31,2023,FY,Annual,Capital Allocation,cash_flow,Dividends Paid,0.0,USD,https://www.sec.gov/Archives/edgar/data/1652044/000165204426000018/0001652044-26-000018-index.htm
Alphabet Inc.,GOOG,2023-12-31,2023,FY,Annual,Capital Allocation,cash_flow,Share Buybacks,61504000000.0,USD,https://www.sec.gov/Archives/edgar/data/1652044/000165204426000018/0001652044-26-000018-index.htm
Alphabet Inc.,GOOG,2023-12-31,2023,FY,Annual,Capital Allocation,balance_sheet,Shares Outstanding (Diluted),12722000000.0,shares,https://www.sec.gov/Archives/edgar/data/1652044/000165204426000018/0001652044-26-000018-index.htm
Alphabet Inc.,GOOG,2023-12-31,2023,FY,Annual,Cash Generation,cash_flow,Capital Expenditures,32251000000.0,USD,https://www.sec.gov/Archives/edgar/data/1652044/000165204426000018/0001652044-26-000018-index.htm
Alphabet Inc.,GOOG,2023-12-31,2023,FY,Annual,Cash Generation,ratio,FCF Margin,22.61,%,https://www.sec.gov/Archives/edgar/data/1652044/000165204426000018/0001652044-26-000018-index.htm
Alphabet Inc.,GOOG,2023-12-31,2023,FY,Annual,Cash Generation,cash_flow,Free Cash Flow,69495000000.0,USD,https://www.sec.gov/Archives/edgar/data/1652044/000165204426000018/0001652044-26-000018-index.htm
Alphabet Inc.,GOOG,2023-12-31,2023,FY,Annual,Cash Generation,ratio,OCF-to-Net-Income Ratio,1.38,x,https://www.sec.gov/Archives/edgar/data/1652044/000165204426000018/0001652044-26-000018-index.htm
Alphabet Inc.,GOOG,2023-12-31,2023,FY,Annual,Cash Generation,cash_flow,Operating Cash Flow,101746000000.0,USD,https://www.sec.gov/Archives/edgar/data/1652044/000165204426000018/0001652044-26-000018-index.htm
Alphabet Inc.,GOOG,2023-12-31,2023,FY,Annual,Financial Health & Solvency,balance_sheet,Cash & Equivalents,24048000000.0,USD,https://www.sec.gov/Archives/edgar/data/1652044/000165204425000014/0001652044-25-000014-index.htm
Alphabet Inc.,GOOG,2023-12-31,2023,FY,Annual,Financial Health & Solvency,ratio,Current Ratio,2.1,x,https://www.sec.gov/Archives/edgar/data/1652044/000165204425000014/0001652044-25-000014-index.htm
Alphabet Inc.,GOOG,2023-12-31,2023,FY,Annual,Financial Health & Solvency,ratio,Debt-to-Equity,0.05,x,https://www.sec.gov/Archives/edgar/data/1652044/000165204426000018/0001652044-26-000018-index.htm
Alphabet Inc.,GOOG,2023-12-31,2023,FY,Annual,Financial Health & Solvency,ratio,Interest Coverage,273.7,x,https://www.sec.gov/Archives/edgar/data/1652044/000165204424000022/0001652044-24-000022-index.htm
Alphabet Inc.,GOOG,2023-12-31,2023,FY,Annual,Financial Health & Solvency,balance_sheet,Net Debt,-11178000000.0,USD,https://www.sec.gov/Archives/edgar/data/1652044/000165204425000014/0001652044-25-000014-index.htm
Alphabet Inc.,GOOG,2023-12-31,2023,FY,Annual,Financial Health & Solvency,balance_sheet,Total Assets,402392000000.0,USD,https://www.sec.gov/Archives/edgar/data/1652044/000165204425000014/0001652044-25-000014-index.htm
Alphabet Inc.,GOOG,2023-12-31,2023,FY,Annual,Financial Health & Solvency,balance_sheet,Total Debt,12870000000.0,USD,https://www.sec.gov/Archives/edgar/data/1652044/000165204425000014/0001652044-25-000014-index.htm
Alphabet Inc.,GOOG,2023-12-31,2023,FY,Annual,Financial Health & Solvency,balance_sheet,Total Equity,283379000000.0,USD,https://www.sec.gov/Archives/edgar/data/1652044/000165204426000018/0001652044-26-000018-index.htm
Alphabet Inc.,GOOG,2023-12-31,2023,FY,Annual,Growth,income_statement,EPS (Diluted),5.8,USD/share,https://www.sec.gov/Archives/edgar/data/1652044/000165204426000018/0001652044-26-000018-index.htm
Alphabet Inc.,GOOG,2023-12-31,2023,FY,Annual,Growth,ratio,EPS YoY Growth %,27.19,%,https://www.sec.gov/Archives/edgar/data/1652044/000165204426000018/0001652044-26-000018-index.htm
Alphabet Inc.,GOOG,2023-12-31,2023,FY,Annual,Growth,income_statement,Revenue,307394000000.0,USD,https://www.sec.gov/Archives/edgar/data/1652044/000165204425000014/0001652044-25-000014-index.htm
Alphabet Inc.,GOOG,2023-12-31,2023,FY,Annual,Growth,ratio,Revenue YoY Growth %,8.68,%,https://www.sec.gov/Archives/edgar/data/1652044/000165204425000014/0001652044-25-000014-index.htm
Alphabet Inc.,GOOG,2023-12-31,2023,FY,Annual,Profitability,ratio,Gross Margin,56.63,%,https://www.sec.gov/Archives/edgar/data/1652044/000165204425000014/0001652044-25-000014-index.htm
Alphabet Inc.,GOOG,2023-12-31,2023,FY,Annual,Profitability,income_statement,Gross Profit,174062000000.0,USD,https://www.sec.gov/Archives/edgar/data/1652044/000165204425000014/0001652044-25-000014-index.htm
Alphabet Inc.,GOOG,2023-12-31,2023,FY,Annual,Profitability,income_statement,Net Income,73795000000.0,USD,https://www.sec.gov/Archives/edgar/data/1652044/000165204426000018/0001652044-26-000018-index.htm
Alphabet Inc.,GOOG,2023-12-31,2023,FY,Annual,Profitability,ratio,Net Margin,24.01,%,https://www.sec.gov/Archives/edgar/data/1652044/000165204425000014/0001652044-25-000014-index.htm
Alphabet Inc.,GOOG,2023-12-31,2023,FY,Annual,Profitability,income_statement,Operating Income,84293000000.0,USD,https://www.sec.gov/Archives/edgar/data/1652044/000165204426000018/0001652044-26-000018-index.htm
Alphabet Inc.,GOOG,2023-12-31,2023,FY,Annual,Profitability,ratio,Operating Margin,27.42,%,https://www.sec.gov/Archives/edgar/data/1652044/000165204425000014/0001652044-25-000014-index.htm
Alphabet Inc.,GOOG,2023-12-31,2023,FY,Annual,Profitability,ratio,Return on Assets (ROA),19.23,%,https://www.sec.gov/Archives/edgar/data/1652044/000165204426000018/0001652044-26-000018-index.htm
Alphabet Inc.,GOOG,2023-12-31,2023,FY,Annual,Profitability,ratio,Return on Equity (ROE),27.36,%,https://www.sec.gov/Archives/edgar/data/1652044/000165204426000018/0001652044-26-000018-index.htm
Alphabet Inc.,GOOG,2023-12-31,2023,FY,Annual,Profitability,ratio,Return on Invested Capital (ROIC),23.6,%,https://www.sec.gov/Archives/edgar/data/1652044/000165204426000018/0001652044-26-000018-index.htm
Alphabet Inc.,GOOG,2024-12-31,2024,FY,Annual,Capital Allocation,ratio,Capex as % of Revenue,15.01,%,https://www.sec.gov/Archives/edgar/data/1652044/000165204426000018/0001652044-26-000018-index.htm
Alphabet Inc.,GOOG,2024-12-31,2024,FY,Annual,Capital Allocation,cash_flow,Dividends Paid,7363000000.0,USD,https://www.sec.gov/Archives/edgar/data/1652044/000165204426000018/0001652044-26-000018-index.htm
Alphabet Inc.,GOOG,2024-12-31,2024,FY,Annual,Capital Allocation,cash_flow,Share Buybacks,62222000000.0,USD,https://www.sec.gov/Archives/edgar/data/1652044/000165204426000018/0001652044-26-000018-index.htm
Alphabet Inc.,GOOG,2024-12-31,2024,FY,Annual,Capital Allocation,balance_sheet,Shares Outstanding (Diluted),12447000000.0,shares,https://www.sec.gov/Archives/edgar/data/1652044/000165204426000018/0001652044-26-000018-index.htm
Alphabet Inc.,GOOG,2024-12-31,2024,FY,Annual,Cash Generation,cash_flow,Capital Expenditures,52535000000.0,USD,https://www.sec.gov/Archives/edgar/data/1652044/000165204426000018/0001652044-26-000018-index.htm
Alphabet Inc.,GOOG,2024-12-31,2024,FY,Annual,Cash Generation,ratio,FCF Margin,20.79,%,https://www.sec.gov/Archives/edgar/data/1652044/000165204426000018/0001652044-26-000018-index.htm
Alphabet Inc.,GOOG,2024-12-31,2024,FY,Annual,Cash Generation,cash_flow,Free Cash Flow,72764000000.0,USD,https://www.sec.gov/Archives/edgar/data/1652044/000165204426000018/0001652044-26-000018-index.htm
Alphabet Inc.,GOOG,2024-12-31,2024,FY,Annual,Cash Generation,ratio,OCF-to-Net-Income Ratio,1.25,x,https://www.sec.gov/Archives/edgar/data/1652044/000165204426000018/0001652044-26-000018-index.htm
Alphabet Inc.,GOOG,2024-12-31,2024,FY,Annual,Cash Generation,cash_flow,Operating Cash Flow,125299000000.0,USD,https://www.sec.gov/Archives/edgar/data/1652044/000165204426000018/0001652044-26-000018-index.htm
Alphabet Inc.,GOOG,2024-12-31,2024,FY,Annual,Financial Health & Solvency,balance_sheet,Cash & Equivalents,23466000000.0,USD,https://www.sec.gov/Archives/edgar/data/1652044/000165204426000018/0001652044-26-000018-index.htm
Alphabet Inc.,GOOG,2024-12-31,2024,FY,Annual,Financial Health & Solvency,ratio,Current Ratio,1.84,x,https://www.sec.gov/Archives/edgar/data/1652044/000165204426000018/0001652044-26-000018-index.htm
Alphabet Inc.,GOOG,2024-12-31,2024,FY,Annual,Financial Health & Solvency,ratio,Debt-to-Equity,0.04,x,https://www.sec.gov/Archives/edgar/data/1652044/000165204426000048/0001652044-26-000048-index.htm
Alphabet Inc.,GOOG,2024-12-31,2024,FY,Annual,Financial Health & Solvency,ratio,Interest Coverage,419.4,x,https://www.sec.gov/Archives/edgar/data/1652044/000165204426000018/0001652044-26-000018-index.htm
Alphabet Inc.,GOOG,2024-12-31,2024,FY,Annual,Financial Health & Solvency,balance_sheet,Net Debt,-9284000000.0,USD,https://www.sec.gov/Archives/edgar/data/1652044/000165204426000018/0001652044-26-000018-index.htm
Alphabet Inc.,GOOG,2024-12-31,2024,FY,Annual,Financial Health & Solvency,balance_sheet,Total Assets,450256000000.0,USD,https://www.sec.gov/Archives/edgar/data/1652044/000165204426000018/0001652044-26-000018-index.htm
Alphabet Inc.,GOOG,2024-12-31,2024,FY,Annual,Financial Health & Solvency,balance_sheet,Total Debt,14182000000.0,USD,https://www.sec.gov/Archives/edgar/data/1652044/000165204426000018/0001652044-26-000018-index.htm
Alphabet Inc.,GOOG,2024-12-31,2024,FY,Annual,Financial Health & Solvency,balance_sheet,Total Equity,325084000000.0,USD,https://www.sec.gov/Archives/edgar/data/1652044/000165204426000048/0001652044-26-000048-index.htm
Alphabet Inc.,GOOG,2024-12-31,2024,FY,Annual,Growth,income_statement,EPS (Diluted),8.04,USD/share,https://www.sec.gov/Archives/edgar/data/1652044/000165204426000018/0001652044-26-000018-index.htm
Alphabet Inc.,GOOG,2024-12-31,2024,FY,Annual,Growth,ratio,EPS YoY Growth %,38.62,%,https://www.sec.gov/Archives/edgar/data/1652044/000165204426000018/0001652044-26-000018-index.htm
Alphabet Inc.,GOOG,2024-12-31,2024,FY,Annual,Growth,income_statement,Revenue,350018000000.0,USD,https://www.sec.gov/Archives/edgar/data/1652044/000165204425000014/0001652044-25-000014-index.htm
Alphabet Inc.,GOOG,2024-12-31,2024,FY,Annual,Growth,ratio,Revenue YoY Growth %,13.87,%,https://www.sec.gov/Archives/edgar/data/1652044/000165204425000014/0001652044-25-000014-index.htm
Alphabet Inc.,GOOG,2024-12-31,2024,FY,Annual,Profitability,ratio,Gross Margin,58.2,%,https://www.sec.gov/Archives/edgar/data/1652044/000165204425000014/0001652044-25-000014-index.htm
Alphabet Inc.,GOOG,2024-12-31,2024,FY,Annual,Profitability,income_statement,Gross Profit,203712000000.0,USD,https://www.sec.gov/Archives/edgar/data/1652044/000165204425000014/0001652044-25-000014-index.htm
Alphabet Inc.,GOOG,2024-12-31,2024,FY,Annual,Profitability,income_statement,Net Income,100118000000.0,USD,https://www.sec.gov/Archives/edgar/data/1652044/000165204426000018/0001652044-26-000018-index.htm
Alphabet Inc.,GOOG,2024-12-31,2024,FY,Annual,Profitability,ratio,Net Margin,28.6,%,https://www.sec.gov/Archives/edgar/data/1652044/000165204425000014/0001652044-25-000014-index.htm
Alphabet Inc.,GOOG,2024-12-31,2024,FY,Annual,Profitability,income_statement,Operating Income,112390000000.0,USD,https://www.sec.gov/Archives/edgar/data/1652044/000165204426000018/0001652044-26-000018-index.htm
Alphabet Inc.,GOOG,2024-12-31,2024,FY,Annual,Profitability,ratio,Operating Margin,32.11,%,https://www.sec.gov/Archives/edgar/data/1652044/000165204425000014/0001652044-25-000014-index.htm
Alphabet Inc.,GOOG,2024-12-31,2024,FY,Annual,Profitability,ratio,Return on Assets (ROA),23.48,%,https://www.sec.gov/Archives/edgar/data/1652044/000165204426000018/0001652044-26-000018-index.htm
Alphabet Inc.,GOOG,2024-12-31,2024,FY,Annual,Profitability,ratio,Return on Equity (ROE),32.91,%,https://www.sec.gov/Archives/edgar/data/1652044/000165204426000018/0001652044-26-000018-index.htm
Alphabet Inc.,GOOG,2024-12-31,2024,FY,Annual,Profitability,ratio,Return on Invested Capital (ROIC),27.94,%,https://www.sec.gov/Archives/edgar/data/1652044/000165204426000018/0001652044-26-000018-index.htm
Alphabet Inc.,GOOG,2025-12-31,2025,FY,Annual,Capital Allocation,ratio,Capex as % of Revenue,22.7,%,https://www.sec.gov/Archives/edgar/data/1652044/000165204426000018/0001652044-26-000018-index.htm
Alphabet Inc.,GOOG,2025-12-31,2025,FY,Annual,Capital Allocation,cash_flow,Dividends Paid,10049000000.0,USD,https://www.sec.gov/Archives/edgar/data/1652044/000165204426000018/0001652044-26-000018-index.htm
Alphabet Inc.,GOOG,2025-12-31,2025,FY,Annual,Capital Allocation,cash_flow,Share Buybacks,45709000000.0,USD,https://www.sec.gov/Archives/edgar/data/1652044/000165204426000018/0001652044-26-000018-index.htm
Alphabet Inc.,GOOG,2025-12-31,2025,FY,Annual,Capital Allocation,balance_sheet,Shares Outstanding (Diluted),12230000000.0,shares,https://www.sec.gov/Archives/edgar/data/1652044/000165204426000018/0001652044-26-000018-index.htm
Alphabet Inc.,GOOG,2025-12-31,2025,FY,Annual,Cash Generation,cash_flow,Capital Expenditures,91447000000.0,USD,https://www.sec.gov/Archives/edgar/data/1652044/000165204426000018/0001652044-26-000018-index.htm
Alphabet Inc.,GOOG,2025-12-31,2025,FY,Annual,Cash Generation,ratio,FCF Margin,18.19,%,https://www.sec.gov/Archives/edgar/data/1652044/000165204426000018/0001652044-26-000018-index.htm
Alphabet Inc.,GOOG,2025-12-31,2025,FY,Annual,Cash Generation,cash_flow,Free Cash Flow,73266000000.0,USD,https://www.sec.gov/Archives/edgar/data/1652044/000165204426000018/0001652044-26-000018-index.htm
Alphabet Inc.,GOOG,2025-12-31,2025,FY,Annual,Cash Generation,ratio,OCF-to-Net-Income Ratio,1.25,x,https://www.sec.gov/Archives/edgar/data/1652044/000165204426000018/0001652044-26-000018-index.htm
Alphabet Inc.,GOOG,2025-12-31,2025,FY,Annual,Cash Generation,cash_flow,Operating Cash Flow,164713000000.0,USD,https://www.sec.gov/Archives/edgar/data/1652044/000165204426000018/0001652044-26-000018-index.htm
Alphabet Inc.,GOOG,2025-12-31,2025,FY,Annual,Financial Health & Solvency,balance_sheet,Cash & Equivalents,30708000000.0,USD,https://www.sec.gov/Archives/edgar/data/1652044/000165204426000048/0001652044-26-000048-index.htm
Alphabet Inc.,GOOG,2025-12-31,2025,FY,Annual,Financial Health & Solvency,ratio,Current Ratio,2.01,x,https://www.sec.gov/Archives/edgar/data/1652044/000165204426000048/0001652044-26-000048-index.htm
Alphabet Inc.,GOOG,2025-12-31,2025,FY,Annual,Financial Health & Solvency,ratio,Debt-to-Equity,0.12,x,https://www.sec.gov/Archives/edgar/data/1652044/000165204426000048/0001652044-26-000048-index.htm
Alphabet Inc.,GOOG,2025-12-31,2025,FY,Annual,Financial Health & Solvency,ratio,Interest Coverage,175.3,x,https://www.sec.gov/Archives/edgar/data/1652044/000165204426000018/0001652044-26-000018-index.htm
Alphabet Inc.,GOOG,2025-12-31,2025,FY,Annual,Financial Health & Solvency,balance_sheet,Net Debt,17835000000.0,USD,https://www.sec.gov/Archives/edgar/data/1652044/000165204426000048/0001652044-26-000048-index.htm
Alphabet Inc.,GOOG,2025-12-31,2025,FY,Annual,Financial Health & Solvency,balance_sheet,Total Assets,595281000000.0,USD,https://www.sec.gov/Archives/edgar/data/1652044/000165204426000048/0001652044-26-000048-index.htm
Alphabet Inc.,GOOG,2025-12-31,2025,FY,Annual,Financial Health & Solvency,balance_sheet,Total Debt,48543000000.0,USD,https://www.sec.gov/Archives/edgar/data/1652044/000165204426000048/0001652044-26-000048-index.htm
Alphabet Inc.,GOOG,2025-12-31,2025,FY,Annual,Financial Health & Solvency,balance_sheet,Total Equity,415265000000.0,USD,https://www.sec.gov/Archives/edgar/data/1652044/000165204426000048/0001652044-26-000048-index.htm
Alphabet Inc.,GOOG,2025-12-31,2025,FY,Annual,Growth,income_statement,EPS (Diluted),10.81,USD/share,https://www.sec.gov/Archives/edgar/data/1652044/000165204426000018/0001652044-26-000018-index.htm
Alphabet Inc.,GOOG,2025-12-31,2025,FY,Annual,Growth,ratio,EPS YoY Growth %,34.45,%,https://www.sec.gov/Archives/edgar/data/1652044/000165204426000018/0001652044-26-000018-index.htm
Alphabet Inc.,GOOG,2025-12-31,2025,FY,Annual,Growth,income_statement,Revenue,402836000000.0,USD,https://www.sec.gov/Archives/edgar/data/1652044/000165204426000018/0001652044-26-000018-index.htm
Alphabet Inc.,GOOG,2025-12-31,2025,FY,Annual,Growth,ratio,Revenue YoY Growth %,15.09,%,https://www.sec.gov/Archives/edgar/data/1652044/000165204426000018/0001652044-26-000018-index.htm
Alphabet Inc.,GOOG,2025-12-31,2025,FY,Annual,Profitability,ratio,Gross Margin,59.65,%,https://www.sec.gov/Archives/edgar/data/1652044/000165204426000018/0001652044-26-000018-index.htm
Alphabet Inc.,GOOG,2025-12-31,2025,FY,Annual,Profitability,income_statement,Gross Profit,240301000000.0,USD,https://www.sec.gov/Archives/edgar/data/1652044/000165204426000018/0001652044-26-000018-index.htm
Alphabet Inc.,GOOG,2025-12-31,2025,FY,Annual,Profitability,income_statement,Net Income,132170000000.0,USD,https://www.sec.gov/Archives/edgar/data/1652044/000165204426000018/0001652044-26-000018-index.htm
Alphabet Inc.,GOOG,2025-12-31,2025,FY,Annual,Profitability,ratio,Net Margin,32.81,%,https://www.sec.gov/Archives/edgar/data/1652044/000165204426000018/0001652044-26-000018-index.htm
Alphabet Inc.,GOOG,2025-12-31,2025,FY,Annual,Profitability,income_statement,Operating Income,129039000000.0,USD,https://www.sec.gov/Archives/edgar/data/1652044/000165204426000018/0001652044-26-000018-index.htm
Alphabet Inc.,GOOG,2025-12-31,2025,FY,Annual,Profitability,ratio,Operating Margin,32.03,%,https://www.sec.gov/Archives/edgar/data/1652044/000165204426000018/0001652044-26-000018-index.htm
Alphabet Inc.,GOOG,2025-12-31,2025,FY,Annual,Profitability,ratio,Return on Assets (ROA),25.28,%,https://www.sec.gov/Archives/edgar/data/1652044/000165204426000018/0001652044-26-000018-index.htm
Alphabet Inc.,GOOG,2025-12-31,2025,FY,Annual,Profitability,ratio,Return on Equity (ROE),35.7,%,https://www.sec.gov/Archives/edgar/data/1652044/000165204426000018/0001652044-26-000018-index.htm
Alphabet Inc.,GOOG,2025-12-31,2025,FY,Annual,Profitability,ratio,Return on Invested Capital (ROIC),25.39,%,https://www.sec.gov/Archives/edgar/data/1652044/000165204426000018/0001652044-26-000018-index.htm
Alphabet Inc.,GOOG,2023-03-31,2023,Q1,Quarterly,Capital Allocation,ratio,Capex as % of Revenue,9.01,%,https://www.sec.gov/Archives/edgar/data/1652044/000165204424000053/0001652044-24-000053-index.htm
Alphabet Inc.,GOOG,2023-03-31,2023,Q1,Quarterly,Capital Allocation,cash_flow,Share Buybacks,14557000000.0,USD,https://www.sec.gov/Archives/edgar/data/1652044/000165204424000053/0001652044-24-000053-index.htm
Alphabet Inc.,GOOG,2023-03-31,2023,Q1,Quarterly,Cash Generation,cash_flow,Capital Expenditures,6289000000.0,USD,https://www.sec.gov/Archives/edgar/data/1652044/000165204424000053/0001652044-24-000053-index.htm
Alphabet Inc.,GOOG,2023-03-31,2023,Q1,Quarterly,Cash Generation,ratio,FCF Margin,24.68,%,https://www.sec.gov/Archives/edgar/data/1652044/000165204424000053/0001652044-24-000053-index.htm
Alphabet Inc.,GOOG,2023-03-31,2023,Q1,Quarterly,Cash Generation,cash_flow,Free Cash Flow,17220000000.0,USD,https://www.sec.gov/Archives/edgar/data/1652044/000165204424000053/0001652044-24-000053-index.htm
Alphabet Inc.,GOOG,2023-03-31,2023,Q1,Quarterly,Cash Generation,ratio,OCF-to-Net-Income Ratio,1.56,x,https://www.sec.gov/Archives/edgar/data/1652044/000165204424000053/0001652044-24-000053-index.htm
Alphabet Inc.,GOOG,2023-03-31,2023,Q1,Quarterly,Cash Generation,cash_flow,Operating Cash Flow,23509000000.0,USD,https://www.sec.gov/Archives/edgar/data/1652044/000165204424000053/0001652044-24-000053-index.htm
Alphabet Inc.,GOOG,2023-03-31,2023,Q1,Quarterly,Financial Health & Solvency,balance_sheet,Cash & Equivalents,25924000000.0,USD,https://www.sec.gov/Archives/edgar/data/1652044/000165204423000045/0001652044-23-000045-index.htm
Alphabet Inc.,GOOG,2023-03-31,2023,Q1,Quarterly,Financial Health & Solvency,ratio,Current Ratio,2.35,x,https://www.sec.gov/Archives/edgar/data/1652044/000165204423000045/0001652044-23-000045-index.htm
Alphabet Inc.,GOOG,2023-03-31,2023,Q1,Quarterly,Financial Health & Solvency,ratio,Debt-to-Equity,0.0,x,https://www.sec.gov/Archives/edgar/data/1652044/000165204424000079/0001652044-24-000079-index.htm
Alphabet Inc.,GOOG,2023-03-31,2023,Q1,Quarterly,Financial Health & Solvency,ratio,Interest Coverage,217.7,x,https://www.sec.gov/Archives/edgar/data/1652044/000165204424000053/0001652044-24-000053-index.htm
Alphabet Inc.,GOOG,2023-03-31,2023,Q1,Quarterly,Financial Health & Solvency,balance_sheet,Net Debt,-24925000000.0,USD,https://www.sec.gov/Archives/edgar/data/1652044/000165204423000045/0001652044-23-000045-index.htm
Alphabet Inc.,GOOG,2023-03-31,2023,Q1,Quarterly,Financial Health & Solvency,balance_sheet,Total Assets,369491000000.0,USD,https://www.sec.gov/Archives/edgar/data/1652044/000165204423000045/0001652044-23-000045-index.htm
Alphabet Inc.,GOOG,2023-03-31,2023,Q1,Quarterly,Financial Health & Solvency,balance_sheet,Total Debt,999000000.0,USD,https://www.sec.gov/Archives/edgar/data/1652044/000165204423000045/0001652044-23-000045-index.htm
Alphabet Inc.,GOOG,2023-03-31,2023,Q1,Quarterly,Financial Health & Solvency,balance_sheet,Total Equity,260894000000.0,USD,https://www.sec.gov/Archives/edgar/data/1652044/000165204424000079/0001652044-24-000079-index.htm
Alphabet Inc.,GOOG,2023-03-31,2023,Q1,Quarterly,Growth,income_statement,EPS (Diluted),1.17,USD/share,https://www.sec.gov/Archives/edgar/data/1652044/000165204424000053/0001652044-24-000053-index.htm
Alphabet Inc.,GOOG,2023-03-31,2023,Q1,Quarterly,Growth,ratio,EPS YoY Growth %,-4.88,%,https://www.sec.gov/Archives/edgar/data/1652044/000165204424000053/0001652044-24-000053-index.htm
Alphabet Inc.,GOOG,2023-03-31,2023,Q1,Quarterly,Growth,income_statement,Revenue,69787000000.0,USD,https://www.sec.gov/Archives/edgar/data/1652044/000165204424000053/0001652044-24-000053-index.htm
Alphabet Inc.,GOOG,2023-03-31,2023,Q1,Quarterly,Growth,ratio,Revenue YoY Growth %,2.61,%,https://www.sec.gov/Archives/edgar/data/1652044/000165204424000053/0001652044-24-000053-index.htm
Alphabet Inc.,GOOG,2023-03-31,2023,Q1,Quarterly,Profitability,ratio,Gross Margin,56.14,%,https://www.sec.gov/Archives/edgar/data/1652044/000165204424000053/0001652044-24-000053-index.htm
Alphabet Inc.,GOOG,2023-03-31,2023,Q1,Quarterly,Profitability,income_statement,Gross Profit,39175000000.0,USD,https://www.sec.gov/Archives/edgar/data/1652044/000165204424000053/0001652044-24-000053-index.htm
Alphabet Inc.,GOOG,2023-03-31,2023,Q1,Quarterly,Profitability,income_statement,Net Income,15051000000.0,USD,https://www.sec.gov/Archives/edgar/data/1652044/000165204424000053/0001652044-24-000053-index.htm
Alphabet Inc.,GOOG,2023-03-31,2023,Q1,Quarterly,Profitability,ratio,Net Margin,21.57,%,https://www.sec.gov/Archives/edgar/data/1652044/000165204424000053/0001652044-24-000053-index.htm
Alphabet Inc.,GOOG,2023-03-31,2023,Q1,Quarterly,Profitability,income_statement,Operating Income,17415000000.0,USD,https://www.sec.gov/Archives/edgar/data/1652044/000165204424000053/0001652044-24-000053-index.htm
Alphabet Inc.,GOOG,2023-03-31,2023,Q1,Quarterly,Profitability,ratio,Operating Margin,24.95,%,https://www.sec.gov/Archives/edgar/data/1652044/000165204424000053/0001652044-24-000053-index.htm
Alphabet Inc.,GOOG,2023-06-30,2023,Q2,Quarterly,Capital Allocation,ratio,Capex as % of Revenue,9.23,%,https://www.sec.gov/Archives/edgar/data/1652044/000165204424000079/0001652044-24-000079-index.htm
Alphabet Inc.,GOOG,2023-06-30,2023,Q2,Quarterly,Capital Allocation,cash_flow,Share Buybacks,14969000000.0,USD,https://www.sec.gov/Archives/edgar/data/1652044/000165204424000079/0001652044-24-000079-index.htm
Alphabet Inc.,GOOG,2023-06-30,2023,Q2,Quarterly,Capital Allocation,balance_sheet,Shares Outstanding (Diluted),12764000000.0,shares,https://www.sec.gov/Archives/edgar/data/1652044/000165204424000079/0001652044-24-000079-index.htm
Alphabet Inc.,GOOG,2023-06-30,2023,Q2,Quarterly,Cash Generation,cash_flow,Capital Expenditures,6888000000.0,USD,https://www.sec.gov/Archives/edgar/data/1652044/000165204424000079/0001652044-24-000079-index.htm
Alphabet Inc.,GOOG,2023-06-30,2023,Q2,Quarterly,Cash Generation,ratio,FCF Margin,29.19,%,https://www.sec.gov/Archives/edgar/data/1652044/000165204424000079/0001652044-24-000079-index.htm
Alphabet Inc.,GOOG,2023-06-30,2023,Q2,Quarterly,Cash Generation,cash_flow,Free Cash Flow,21778000000.0,USD,https://www.sec.gov/Archives/edgar/data/1652044/000165204424000079/0001652044-24-000079-index.htm
Alphabet Inc.,GOOG,2023-06-30,2023,Q2,Quarterly,Cash Generation,ratio,OCF-to-Net-Income Ratio,1.56,x,https://www.sec.gov/Archives/edgar/data/1652044/000165204424000079/0001652044-24-000079-index.htm
Alphabet Inc.,GOOG,2023-06-30,2023,Q2,Quarterly,Cash Generation,cash_flow,Operating Cash Flow,28666000000.0,USD,https://www.sec.gov/Archives/edgar/data/1652044/000165204424000079/0001652044-24-000079-index.htm
Alphabet Inc.,GOOG,2023-06-30,2023,Q2,Quarterly,Financial Health & Solvency,balance_sheet,Cash & Equivalents,25929000000.0,USD,https://www.sec.gov/Archives/edgar/data/1652044/000165204423000070/0001652044-23-000070-index.htm
Alphabet Inc.,GOOG,2023-06-30,2023,Q2,Quarterly,Financial Health & Solvency,ratio,Current Ratio,2.17,x,https://www.sec.gov/Archives/edgar/data/1652044/000165204423000070/0001652044-23-000070-index.htm
Alphabet Inc.,GOOG,2023-06-30,2023,Q2,Quarterly,Financial Health & Solvency,ratio,Debt-to-Equity,0.0,x,https://www.sec.gov/Archives/edgar/data/1652044/000165204424000118/0001652044-24-000118-index.htm
Alphabet Inc.,GOOG,2023-06-30,2023,Q2,Quarterly,Financial Health & Solvency,ratio,Interest Coverage,507.9,x,https://www.sec.gov/Archives/edgar/data/1652044/000165204423000070/0001652044-23-000070-index.htm
Alphabet Inc.,GOOG,2023-06-30,2023,Q2,Quarterly,Financial Health & Solvency,balance_sheet,Net Debt,-24930000000.0,USD,https://www.sec.gov/Archives/edgar/data/1652044/000165204423000070/0001652044-23-000070-index.htm
Alphabet Inc.,GOOG,2023-06-30,2023,Q2,Quarterly,Financial Health & Solvency,balance_sheet,Total Assets,383044000000.0,USD,https://www.sec.gov/Archives/edgar/data/1652044/000165204423000070/0001652044-23-000070-index.htm
Alphabet Inc.,GOOG,2023-06-30,2023,Q2,Quarterly,Financial Health & Solvency,balance_sheet,Total Debt,999000000.0,USD,https://www.sec.gov/Archives/edgar/data/1652044/000165204423000070/0001652044-23-000070-index.htm
Alphabet Inc.,GOOG,2023-06-30,2023,Q2,Quarterly,Financial Health & Solvency,balance_sheet,Total Equity,267141000000.0,USD,https://www.sec.gov/Archives/edgar/data/1652044/000165204424000118/0001652044-24-000118-index.htm
Alphabet Inc.,GOOG,2023-06-30,2023,Q2,Quarterly,Growth,income_statement,EPS (Diluted),1.44,USD/share,https://www.sec.gov/Archives/edgar/data/1652044/000165204424000079/0001652044-24-000079-index.htm
Alphabet Inc.,GOOG,2023-06-30,2023,Q2,Quarterly,Growth,ratio,EPS YoY Growth %,19.01,%,https://www.sec.gov/Archives/edgar/data/1652044/000165204424000079/0001652044-24-000079-index.htm
Alphabet Inc.,GOOG,2023-06-30,2023,Q2,Quarterly,Growth,income_statement,Revenue,74604000000.0,USD,https://www.sec.gov/Archives/edgar/data/1652044/000165204424000079/0001652044-24-000079-index.htm
Alphabet Inc.,GOOG,2023-06-30,2023,Q2,Quarterly,Growth,ratio,Revenue YoY Growth %,7.06,%,https://www.sec.gov/Archives/edgar/data/1652044/000165204424000079/0001652044-24-000079-index.htm
Alphabet Inc.,GOOG,2023-06-30,2023,Q2,Quarterly,Profitability,ratio,Gross Margin,57.22,%,https://www.sec.gov/Archives/edgar/data/1652044/000165204424000079/0001652044-24-000079-index.htm
Alphabet Inc.,GOOG,2023-06-30,2023,Q2,Quarterly,Profitability,income_statement,Gross Profit,42688000000.0,USD,https://www.sec.gov/Archives/edgar/data/1652044/000165204424000079/0001652044-24-000079-index.htm
Alphabet Inc.,GOOG,2023-06-30,2023,Q2,Quarterly,Profitability,income_statement,Net Income,18368000000.0,USD,https://www.sec.gov/Archives/edgar/data/1652044/000165204424000079/0001652044-24-000079-index.htm
Alphabet Inc.,GOOG,2023-06-30,2023,Q2,Quarterly,Profitability,ratio,Net Margin,24.62,%,https://www.sec.gov/Archives/edgar/data/1652044/000165204424000079/0001652044-24-000079-index.htm
Alphabet Inc.,GOOG,2023-06-30,2023,Q2,Quarterly,Profitability,income_statement,Operating Income,21838000000.0,USD,https://www.sec.gov/Archives/edgar/data/1652044/000165204424000079/0001652044-24-000079-index.htm
Alphabet Inc.,GOOG,2023-06-30,2023,Q2,Quarterly,Profitability,ratio,Operating Margin,29.27,%,https://www.sec.gov/Archives/edgar/data/1652044/000165204424000079/0001652044-24-000079-index.htm
Alphabet Inc.,GOOG,2023-09-30,2023,Q3,Quarterly,Capital Allocation,ratio,Capex as % of Revenue,10.5,%,https://www.sec.gov/Archives/edgar/data/1652044/000165204424000118/0001652044-24-000118-index.htm
Alphabet Inc.,GOOG,2023-09-30,2023,Q3,Quarterly,Capital Allocation,cash_flow,Dividends Paid,0.0,USD,https://www.sec.gov/Archives/edgar/data/1652044/000165204424000118/0001652044-24-000118-index.htm
Alphabet Inc.,GOOG,2023-09-30,2023,Q3,Quarterly,Capital Allocation,cash_flow,Share Buybacks,15787000000.0,USD,https://www.sec.gov/Archives/edgar/data/1652044/000165204424000118/0001652044-24-000118-index.htm
Alphabet Inc.,GOOG,2023-09-30,2023,Q3,Quarterly,Capital Allocation,balance_sheet,Shares Outstanding (Diluted),12696000000.0,shares,https://www.sec.gov/Archives/edgar/data/1652044/000165204424000118/0001652044-24-000118-index.htm
Alphabet Inc.,GOOG,2023-09-30,2023,Q3,Quarterly,Cash Generation,cash_flow,Capital Expenditures,8055000000.0,USD,https://www.sec.gov/Archives/edgar/data/1652044/000165204424000118/0001652044-24-000118-index.htm
Alphabet Inc.,GOOG,2023-09-30,2023,Q3,Quarterly,Cash Generation,ratio,FCF Margin,29.47,%,https://www.sec.gov/Archives/edgar/data/1652044/000165204424000118/0001652044-24-000118-index.htm
Alphabet Inc.,GOOG,2023-09-30,2023,Q3,Quarterly,Cash Generation,cash_flow,Free Cash Flow,22601000000.0,USD,https://www.sec.gov/Archives/edgar/data/1652044/000165204424000118/0001652044-24-000118-index.htm
Alphabet Inc.,GOOG,2023-09-30,2023,Q3,Quarterly,Cash Generation,ratio,OCF-to-Net-Income Ratio,1.56,x,https://www.sec.gov/Archives/edgar/data/1652044/000165204424000118/0001652044-24-000118-index.htm
Alphabet Inc.,GOOG,2023-09-30,2023,Q3,Quarterly,Cash Generation,cash_flow,Operating Cash Flow,30656000000.0,USD,https://www.sec.gov/Archives/edgar/data/1652044/000165204424000118/0001652044-24-000118-index.htm
Alphabet Inc.,GOOG,2023-09-30,2023,Q3,Quarterly,Financial Health & Solvency,balance_sheet,Cash & Equivalents,30702000000.0,USD,https://www.sec.gov/Archives/edgar/data/1652044/000165204423000094/0001652044-23-000094-index.htm
Alphabet Inc.,GOOG,2023-09-30,2023,Q3,Quarterly,Financial Health & Solvency,ratio,Current Ratio,2.04,x,https://www.sec.gov/Archives/edgar/data/1652044/000165204423000094/0001652044-23-000094-index.htm
Alphabet Inc.,GOOG,2023-09-30,2023,Q3,Quarterly,Financial Health & Solvency,ratio,Debt-to-Equity,0.0,x,https://www.sec.gov/Archives/edgar/data/1652044/000165204424000118/0001652044-24-000118-index.htm
Alphabet Inc.,GOOG,2023-09-30,2023,Q3,Quarterly,Financial Health & Solvency,ratio,Interest Coverage,184.0,x,https://www.sec.gov/Archives/edgar/data/1652044/000165204423000094/0001652044-23-000094-index.htm
Alphabet Inc.,GOOG,2023-09-30,2023,Q3,Quarterly,Financial Health & Solvency,balance_sheet,Net Debt,-29702000000.0,USD,https://www.sec.gov/Archives/edgar/data/1652044/000165204423000094/0001652044-23-000094-index.htm
Alphabet Inc.,GOOG,2023-09-30,2023,Q3,Quarterly,Financial Health & Solvency,balance_sheet,Total Assets,396711000000.0,USD,https://www.sec.gov/Archives/edgar/data/1652044/000165204423000094/0001652044-23-000094-index.htm
Alphabet Inc.,GOOG,2023-09-30,2023,Q3,Quarterly,Financial Health & Solvency,balance_sheet,Total Debt,1000000000.0,USD,https://www.sec.gov/Archives/edgar/data/1652044/000165204423000094/0001652044-23-000094-index.htm
Alphabet Inc.,GOOG,2023-09-30,2023,Q3,Quarterly,Financial Health & Solvency,balance_sheet,Total Equity,273202000000.0,USD,https://www.sec.gov/Archives/edgar/data/1652044/000165204424000118/0001652044-24-000118-index.htm
Alphabet Inc.,GOOG,2023-09-30,2023,Q3,Quarterly,Growth,income_statement,EPS (Diluted),1.55,USD/share,https://www.sec.gov/Archives/edgar/data/1652044/000165204424000118/0001652044-24-000118-index.htm
Alphabet Inc.,GOOG,2023-09-30,2023,Q3,Quarterly,Growth,ratio,EPS YoY Growth %,46.23,%,https://www.sec.gov/Archives/edgar/data/1652044/000165204424000118/0001652044-24-000118-index.htm
Alphabet Inc.,GOOG,2023-09-30,2023,Q3,Quarterly,Growth,income_statement,Revenue,76693000000.0,USD,https://www.sec.gov/Archives/edgar/data/1652044/000165204424000118/0001652044-24-000118-index.htm
Alphabet Inc.,GOOG,2023-09-30,2023,Q3,Quarterly,Growth,ratio,Revenue YoY Growth %,11.0,%,https://www.sec.gov/Archives/edgar/data/1652044/000165204424000118/0001652044-24-000118-index.htm
Alphabet Inc.,GOOG,2023-09-30,2023,Q3,Quarterly,Profitability,ratio,Gross Margin,56.67,%,https://www.sec.gov/Archives/edgar/data/1652044/000165204424000118/0001652044-24-000118-index.htm
Alphabet Inc.,GOOG,2023-09-30,2023,Q3,Quarterly,Profitability,income_statement,Gross Profit,43464000000.0,USD,https://www.sec.gov/Archives/edgar/data/1652044/000165204424000118/0001652044-24-000118-index.htm
Alphabet Inc.,GOOG,2023-09-30,2023,Q3,Quarterly,Profitability,income_statement,Net Income,19689000000.0,USD,https://www.sec.gov/Archives/edgar/data/1652044/000165204424000118/0001652044-24-000118-index.htm
Alphabet Inc.,GOOG,2023-09-30,2023,Q3,Quarterly,Profitability,ratio,Net Margin,25.67,%,https://www.sec.gov/Archives/edgar/data/1652044/000165204424000118/0001652044-24-000118-index.htm
Alphabet Inc.,GOOG,2023-09-30,2023,Q3,Quarterly,Profitability,income_statement,Operating Income,21343000000.0,USD,https://www.sec.gov/Archives/edgar/data/1652044/000165204424000118/0001652044-24-000118-index.htm
Alphabet Inc.,GOOG,2023-09-30,2023,Q3,Quarterly,Profitability,ratio,Operating Margin,27.83,%,https://www.sec.gov/Archives/edgar/data/1652044/000165204424000118/0001652044-24-000118-index.htm
Alphabet Inc.,GOOG,2023-12-31,2023,Q4,Quarterly,Capital Allocation,ratio,Capex as % of Revenue,12.77,%,https://www.sec.gov/Archives/edgar/data/1652044/000165204426000018/0001652044-26-000018-index.htm
Alphabet Inc.,GOOG,2023-12-31,2023,Q4,Quarterly,Capital Allocation,cash_flow,Dividends Paid,0.0,USD,https://www.sec.gov/Archives/edgar/data/1652044/000165204426000018/0001652044-26-000018-index.htm
Alphabet Inc.,GOOG,2023-12-31,2023,Q4,Quarterly,Capital Allocation,cash_flow,Share Buybacks,16191000000.0,USD,https://www.sec.gov/Archives/edgar/data/1652044/000165204426000018/0001652044-26-000018-index.htm
Alphabet Inc.,GOOG,2023-12-31,2023,Q4,Quarterly,Capital Allocation,balance_sheet,Shares Outstanding (Diluted),12722000000.0,shares,https://www.sec.gov/Archives/edgar/data/1652044/000165204426000018/0001652044-26-000018-index.htm
Alphabet Inc.,GOOG,2023-12-31,2023,Q4,Quarterly,Cash Generation,cash_flow,Capital Expenditures,11019000000.0,USD,https://www.sec.gov/Archives/edgar/data/1652044/000165204426000018/0001652044-26-000018-index.htm
Alphabet Inc.,GOOG,2023-12-31,2023,Q4,Quarterly,Cash Generation,ratio,FCF Margin,9.15,%,https://www.sec.gov/Archives/edgar/data/1652044/000165204426000018/0001652044-26-000018-index.htm
Alphabet Inc.,GOOG,2023-12-31,2023,Q4,Quarterly,Cash Generation,cash_flow,Free Cash Flow,7896000000.0,USD,https://www.sec.gov/Archives/edgar/data/1652044/000165204426000018/0001652044-26-000018-index.htm
Alphabet Inc.,GOOG,2023-12-31,2023,Q4,Quarterly,Cash Generation,ratio,OCF-to-Net-Income Ratio,0.91,x,https://www.sec.gov/Archives/edgar/data/1652044/000165204426000018/0001652044-26-000018-index.htm
Alphabet Inc.,GOOG,2023-12-31,2023,Q4,Quarterly,Cash Generation,cash_flow,Operating Cash Flow,18915000000.0,USD,https://www.sec.gov/Archives/edgar/data/1652044/000165204426000018/0001652044-26-000018-index.htm
Alphabet Inc.,GOOG,2023-12-31,2023,Q4,Quarterly,Financial Health & Solvency,balance_sheet,Cash & Equivalents,24048000000.0,USD,https://www.sec.gov/Archives/edgar/data/1652044/000165204425000014/0001652044-25-000014-index.htm
Alphabet Inc.,GOOG,2023-12-31,2023,Q4,Quarterly,Financial Health & Solvency,ratio,Current Ratio,2.1,x,https://www.sec.gov/Archives/edgar/data/1652044/000165204425000014/0001652044-25-000014-index.htm
Alphabet Inc.,GOOG,2023-12-31,2023,Q4,Quarterly,Financial Health & Solvency,ratio,Debt-to-Equity,0.05,x,https://www.sec.gov/Archives/edgar/data/1652044/000165204426000018/0001652044-26-000018-index.htm
Alphabet Inc.,GOOG,2023-12-31,2023,Q4,Quarterly,Financial Health & Solvency,ratio,Interest Coverage,343.4,x,https://www.sec.gov/Archives/edgar/data/1652044/000165204424000022/0001652044-24-000022-index.htm
Alphabet Inc.,GOOG,2023-12-31,2023,Q4,Quarterly,Financial Health & Solvency,balance_sheet,Net Debt,-11178000000.0,USD,https://www.sec.gov/Archives/edgar/data/1652044/000165204425000014/0001652044-25-000014-index.htm
Alphabet Inc.,GOOG,2023-12-31,2023,Q4,Quarterly,Financial Health & Solvency,balance_sheet,Total Assets,402392000000.0,USD,https://www.sec.gov/Archives/edgar/data/1652044/000165204425000014/0001652044-25-000014-index.htm
Alphabet Inc.,GOOG,2023-12-31,2023,Q4,Quarterly,Financial Health & Solvency,balance_sheet,Total Debt,12870000000.0,USD,https://www.sec.gov/Archives/edgar/data/1652044/000165204425000014/0001652044-25-000014-index.htm
Alphabet Inc.,GOOG,2023-12-31,2023,Q4,Quarterly,Financial Health & Solvency,balance_sheet,Total Equity,283379000000.0,USD,https://www.sec.gov/Archives/edgar/data/1652044/000165204426000018/0001652044-26-000018-index.htm
Alphabet Inc.,GOOG,2023-12-31,2023,Q4,Quarterly,Growth,income_statement,EPS (Diluted),1.6399999999999997,USD/share,https://www.sec.gov/Archives/edgar/data/1652044/000165204426000018/0001652044-26-000018-index.htm
Alphabet Inc.,GOOG,2023-12-31,2023,Q4,Quarterly,Growth,ratio,EPS YoY Growth %,54.72,%,https://www.sec.gov/Archives/edgar/data/1652044/000165204426000018/0001652044-26-000018-index.htm
Alphabet Inc.,GOOG,2023-12-31,2023,Q4,Quarterly,Growth,income_statement,Revenue,86310000000.0,USD,https://www.sec.gov/Archives/edgar/data/1652044/000165204425000014/0001652044-25-000014-index.htm
Alphabet Inc.,GOOG,2023-12-31,2023,Q4,Quarterly,Growth,ratio,Revenue YoY Growth %,13.49,%,https://www.sec.gov/Archives/edgar/data/1652044/000165204425000014/0001652044-25-000014-index.htm
Alphabet Inc.,GOOG,2023-12-31,2023,Q4,Quarterly,Profitability,ratio,Gross Margin,56.47,%,https://www.sec.gov/Archives/edgar/data/1652044/000165204425000014/0001652044-25-000014-index.htm
Alphabet Inc.,GOOG,2023-12-31,2023,Q4,Quarterly,Profitability,income_statement,Gross Profit,48735000000.0,USD,https://www.sec.gov/Archives/edgar/data/1652044/000165204425000014/0001652044-25-000014-index.htm
Alphabet Inc.,GOOG,2023-12-31,2023,Q4,Quarterly,Profitability,income_statement,Net Income,20687000000.0,USD,https://www.sec.gov/Archives/edgar/data/1652044/000165204426000018/0001652044-26-000018-index.htm
Alphabet Inc.,GOOG,2023-12-31,2023,Q4,Quarterly,Profitability,ratio,Net Margin,23.97,%,https://www.sec.gov/Archives/edgar/data/1652044/000165204425000014/0001652044-25-000014-index.htm
Alphabet Inc.,GOOG,2023-12-31,2023,Q4,Quarterly,Profitability,income_statement,Operating Income,23697000000.0,USD,https://www.sec.gov/Archives/edgar/data/1652044/000165204426000018/0001652044-26-000018-index.htm
Alphabet Inc.,GOOG,2023-12-31,2023,Q4,Quarterly,Profitability,ratio,Operating Margin,27.46,%,https://www.sec.gov/Archives/edgar/data/1652044/000165204425000014/0001652044-25-000014-index.htm
Alphabet Inc.,GOOG,2024-03-31,2024,Q1,Quarterly,Capital Allocation,ratio,Capex as % of Revenue,14.91,%,https://www.sec.gov/Archives/edgar/data/1652044/000165204425000043/0001652044-25-000043-index.htm
Alphabet Inc.,GOOG,2024-03-31,2024,Q1,Quarterly,Capital Allocation,cash_flow,Dividends Paid,0.0,USD,https://www.sec.gov/Archives/edgar/data/1652044/000165204425000043/0001652044-25-000043-index.htm
Alphabet Inc.,GOOG,2024-03-31,2024,Q1,Quarterly,Capital Allocation,cash_flow,Share Buybacks,15696000000.0,USD,https://www.sec.gov/Archives/edgar/data/1652044/000165204425000043/0001652044-25-000043-index.htm
Alphabet Inc.,GOOG,2024-03-31,2024,Q1,Quarterly,Capital Allocation,balance_sheet,Shares Outstanding (Diluted),12527000000.0,shares,https://www.sec.gov/Archives/edgar/data/1652044/000165204425000043/0001652044-25-000043-index.htm
Alphabet Inc.,GOOG,2024-03-31,2024,Q1,Quarterly,Cash Generation,cash_flow,Capital Expenditures,12012000000.0,USD,https://www.sec.gov/Archives/edgar/data/1652044/000165204425000043/0001652044-25-000043-index.htm
Alphabet Inc.,GOOG,2024-03-31,2024,Q1,Quarterly,Cash Generation,ratio,FCF Margin,20.9,%,https://www.sec.gov/Archives/edgar/data/1652044/000165204425000043/0001652044-25-000043-index.htm
Alphabet Inc.,GOOG,2024-03-31,2024,Q1,Quarterly,Cash Generation,cash_flow,Free Cash Flow,16836000000.0,USD,https://www.sec.gov/Archives/edgar/data/1652044/000165204425000043/0001652044-25-000043-index.htm
Alphabet Inc.,GOOG,2024-03-31,2024,Q1,Quarterly,Cash Generation,ratio,OCF-to-Net-Income Ratio,1.22,x,https://www.sec.gov/Archives/edgar/data/1652044/000165204425000043/0001652044-25-000043-index.htm
Alphabet Inc.,GOOG,2024-03-31,2024,Q1,Quarterly,Cash Generation,cash_flow,Operating Cash Flow,28848000000.0,USD,https://www.sec.gov/Archives/edgar/data/1652044/000165204425000043/0001652044-25-000043-index.htm
Alphabet Inc.,GOOG,2024-03-31,2024,Q1,Quarterly,Financial Health & Solvency,balance_sheet,Cash & Equivalents,24493000000.0,USD,https://www.sec.gov/Archives/edgar/data/1652044/000165204424000053/0001652044-24-000053-index.htm
Alphabet Inc.,GOOG,2024-03-31,2024,Q1,Quarterly,Financial Health & Solvency,ratio,Current Ratio,2.15,x,https://www.sec.gov/Archives/edgar/data/1652044/000165204424000053/0001652044-24-000053-index.htm
Alphabet Inc.,GOOG,2024-03-31,2024,Q1,Quarterly,Financial Health & Solvency,ratio,Debt-to-Equity,0.0,x,https://www.sec.gov/Archives/edgar/data/1652044/000165204425000062/0001652044-25-000062-index.htm
Alphabet Inc.,GOOG,2024-03-31,2024,Q1,Quarterly,Financial Health & Solvency,ratio,Interest Coverage,271.0,x,https://www.sec.gov/Archives/edgar/data/1652044/000165204424000053/0001652044-24-000053-index.htm
Alphabet Inc.,GOOG,2024-03-31,2024,Q1,Quarterly,Financial Health & Solvency,balance_sheet,Net Debt,-24493000000.0,USD,https://www.sec.gov/Archives/edgar/data/1652044/000165204424000053/0001652044-24-000053-index.htm
Alphabet Inc.,GOOG,2024-03-31,2024,Q1,Quarterly,Financial Health & Solvency,balance_sheet,Total Assets,407350000000.0,USD,https://www.sec.gov/Archives/edgar/data/1652044/000165204424000053/0001652044-24-000053-index.htm
Alphabet Inc.,GOOG,2024-03-31,2024,Q1,Quarterly,Financial Health & Solvency,balance_sheet,Total Debt,0.0,USD,https://www.sec.gov/Archives/edgar/data/1652044/000165204424000053/0001652044-24-000053-index.htm
Alphabet Inc.,GOOG,2024-03-31,2024,Q1,Quarterly,Financial Health & Solvency,balance_sheet,Total Equity,292844000000.0,USD,https://www.sec.gov/Archives/edgar/data/1652044/000165204425000062/0001652044-25-000062-index.htm
Alphabet Inc.,GOOG,2024-03-31,2024,Q1,Quarterly,Growth,income_statement,EPS (Diluted),1.89,USD/share,https://www.sec.gov/Archives/edgar/data/1652044/000165204425000043/0001652044-25-000043-index.htm
Alphabet Inc.,GOOG,2024-03-31,2024,Q1,Quarterly,Growth,ratio,EPS YoY Growth %,61.54,%,https://www.sec.gov/Archives/edgar/data/1652044/000165204425000043/0001652044-25-000043-index.htm
Alphabet Inc.,GOOG,2024-03-31,2024,Q1,Quarterly,Growth,income_statement,Revenue,80539000000.0,USD,https://www.sec.gov/Archives/edgar/data/1652044/000165204425000043/0001652044-25-000043-index.htm
Alphabet Inc.,GOOG,2024-03-31,2024,Q1,Quarterly,Growth,ratio,Revenue YoY Growth %,15.41,%,https://www.sec.gov/Archives/edgar/data/1652044/000165204425000043/0001652044-25-000043-index.htm
Alphabet Inc.,GOOG,2024-03-31,2024,Q1,Quarterly,Profitability,ratio,Gross Margin,58.14,%,https://www.sec.gov/Archives/edgar/data/1652044/000165204425000043/0001652044-25-000043-index.htm
Alphabet Inc.,GOOG,2024-03-31,2024,Q1,Quarterly,Profitability,income_statement,Gross Profit,46827000000.0,USD,https://www.sec.gov/Archives/edgar/data/1652044/000165204425000043/0001652044-25-000043-index.htm
Alphabet Inc.,GOOG,2024-03-31,2024,Q1,Quarterly,Profitability,income_statement,Net Income,23662000000.0,USD,https://www.sec.gov/Archives/edgar/data/1652044/000165204425000043/0001652044-25-000043-index.htm
Alphabet Inc.,GOOG,2024-03-31,2024,Q1,Quarterly,Profitability,ratio,Net Margin,29.38,%,https://www.sec.gov/Archives/edgar/data/1652044/000165204425000043/0001652044-25-000043-index.htm
Alphabet Inc.,GOOG,2024-03-31,2024,Q1,Quarterly,Profitability,income_statement,Operating Income,25472000000.0,USD,https://www.sec.gov/Archives/edgar/data/1652044/000165204425000043/0001652044-25-000043-index.htm
Alphabet Inc.,GOOG,2024-03-31,2024,Q1,Quarterly,Profitability,ratio,Operating Margin,31.63,%,https://www.sec.gov/Archives/edgar/data/1652044/000165204425000043/0001652044-25-000043-index.htm
Alphabet Inc.,GOOG,2024-06-30,2024,Q2,Quarterly,Capital Allocation,ratio,Capex as % of Revenue,15.56,%,https://www.sec.gov/Archives/edgar/data/1652044/000165204425000062/0001652044-25-000062-index.htm
Alphabet Inc.,GOOG,2024-06-30,2024,Q2,Quarterly,Capital Allocation,cash_flow,Dividends Paid,2466000000.0,USD,https://www.sec.gov/Archives/edgar/data/1652044/000165204425000062/0001652044-25-000062-index.htm
Alphabet Inc.,GOOG,2024-06-30,2024,Q2,Quarterly,Capital Allocation,cash_flow,Share Buybacks,15684000000.0,USD,https://www.sec.gov/Archives/edgar/data/1652044/000165204425000062/0001652044-25-000062-index.htm
Alphabet Inc.,GOOG,2024-06-30,2024,Q2,Quarterly,Capital Allocation,balance_sheet,Shares Outstanding (Diluted),12495000000.0,shares,https://www.sec.gov/Archives/edgar/data/1652044/000165204425000062/0001652044-25-000062-index.htm
Alphabet Inc.,GOOG,2024-06-30,2024,Q2,Quarterly,Cash Generation,cash_flow,Capital Expenditures,13186000000.0,USD,https://www.sec.gov/Archives/edgar/data/1652044/000165204425000062/0001652044-25-000062-index.htm
Alphabet Inc.,GOOG,2024-06-30,2024,Q2,Quarterly,Cash Generation,ratio,FCF Margin,15.88,%,https://www.sec.gov/Archives/edgar/data/1652044/000165204425000062/0001652044-25-000062-index.htm
Alphabet Inc.,GOOG,2024-06-30,2024,Q2,Quarterly,Cash Generation,cash_flow,Free Cash Flow,13454000000.0,USD,https://www.sec.gov/Archives/edgar/data/1652044/000165204425000062/0001652044-25-000062-index.htm
Alphabet Inc.,GOOG,2024-06-30,2024,Q2,Quarterly,Cash Generation,ratio,OCF-to-Net-Income Ratio,1.13,x,https://www.sec.gov/Archives/edgar/data/1652044/000165204425000062/0001652044-25-000062-index.htm
Alphabet Inc.,GOOG,2024-06-30,2024,Q2,Quarterly,Cash Generation,cash_flow,Operating Cash Flow,26640000000.0,USD,https://www.sec.gov/Archives/edgar/data/1652044/000165204425000062/0001652044-25-000062-index.htm
Alphabet Inc.,GOOG,2024-06-30,2024,Q2,Quarterly,Financial Health & Solvency,balance_sheet,Cash & Equivalents,27225000000.0,USD,https://www.sec.gov/Archives/edgar/data/1652044/000165204424000079/0001652044-24-000079-index.htm
Alphabet Inc.,GOOG,2024-06-30,2024,Q2,Quarterly,Financial Health & Solvency,ratio,Current Ratio,2.08,x,https://www.sec.gov/Archives/edgar/data/1652044/000165204424000079/0001652044-24-000079-index.htm
Alphabet Inc.,GOOG,2024-06-30,2024,Q2,Quarterly,Financial Health & Solvency,ratio,Debt-to-Equity,0.0,x,https://www.sec.gov/Archives/edgar/data/1652044/000165204425000091/0001652044-25-000091-index.htm
Alphabet Inc.,GOOG,2024-06-30,2024,Q2,Quarterly,Financial Health & Solvency,ratio,Interest Coverage,409.3,x,https://www.sec.gov/Archives/edgar/data/1652044/000165204425000062/0001652044-25-000062-index.htm
Alphabet Inc.,GOOG,2024-06-30,2024,Q2,Quarterly,Financial Health & Solvency,balance_sheet,Net Debt,-27225000000.0,USD,https://www.sec.gov/Archives/edgar/data/1652044/000165204424000079/0001652044-24-000079-index.htm
Alphabet Inc.,GOOG,2024-06-30,2024,Q2,Quarterly,Financial Health & Solvency,balance_sheet,Total Assets,414770000000.0,USD,https://www.sec.gov/Archives/edgar/data/1652044/000165204424000079/0001652044-24-000079-index.htm
Alphabet Inc.,GOOG,2024-06-30,2024,Q2,Quarterly,Financial Health & Solvency,balance_sheet,Total Debt,0.0,USD,https://www.sec.gov/Archives/edgar/data/1652044/000165204424000079/0001652044-24-000079-index.htm
Alphabet Inc.,GOOG,2024-06-30,2024,Q2,Quarterly,Financial Health & Solvency,balance_sheet,Total Equity,300753000000.0,USD,https://www.sec.gov/Archives/edgar/data/1652044/000165204425000091/0001652044-25-000091-index.htm
Alphabet Inc.,GOOG,2024-06-30,2024,Q2,Quarterly,Growth,income_statement,EPS (Diluted),1.89,USD/share,https://www.sec.gov/Archives/edgar/data/1652044/000165204425000062/0001652044-25-000062-index.htm
Alphabet Inc.,GOOG,2024-06-30,2024,Q2,Quarterly,Growth,ratio,EPS YoY Growth %,31.25,%,https://www.sec.gov/Archives/edgar/data/1652044/000165204425000062/0001652044-25-000062-index.htm
Alphabet Inc.,GOOG,2024-06-30,2024,Q2,Quarterly,Growth,income_statement,Revenue,84742000000.0,USD,https://www.sec.gov/Archives/edgar/data/1652044/000165204424000079/0001652044-24-000079-index.htm
Alphabet Inc.,GOOG,2024-06-30,2024,Q2,Quarterly,Growth,ratio,Revenue YoY Growth %,13.59,%,https://www.sec.gov/Archives/edgar/data/1652044/000165204424000079/0001652044-24-000079-index.htm
Alphabet Inc.,GOOG,2024-06-30,2024,Q2,Quarterly,Profitability,ratio,Gross Margin,58.1,%,https://www.sec.gov/Archives/edgar/data/1652044/000165204424000079/0001652044-24-000079-index.htm
Alphabet Inc.,GOOG,2024-06-30,2024,Q2,Quarterly,Profitability,income_statement,Gross Profit,49235000000.0,USD,https://www.sec.gov/Archives/edgar/data/1652044/000165204424000079/0001652044-24-000079-index.htm
Alphabet Inc.,GOOG,2024-06-30,2024,Q2,Quarterly,Profitability,income_statement,Net Income,23619000000.0,USD,https://www.sec.gov/Archives/edgar/data/1652044/000165204425000062/0001652044-25-000062-index.htm
Alphabet Inc.,GOOG,2024-06-30,2024,Q2,Quarterly,Profitability,ratio,Net Margin,27.87,%,https://www.sec.gov/Archives/edgar/data/1652044/000165204424000079/0001652044-24-000079-index.htm
Alphabet Inc.,GOOG,2024-06-30,2024,Q2,Quarterly,Profitability,income_statement,Operating Income,27425000000.0,USD,https://www.sec.gov/Archives/edgar/data/1652044/000165204425000062/0001652044-25-000062-index.htm
Alphabet Inc.,GOOG,2024-06-30,2024,Q2,Quarterly,Profitability,ratio,Operating Margin,32.36,%,https://www.sec.gov/Archives/edgar/data/1652044/000165204424000079/0001652044-24-000079-index.htm
Alphabet Inc.,GOOG,2024-09-30,2024,Q3,Quarterly,Capital Allocation,ratio,Capex as % of Revenue,14.8,%,https://www.sec.gov/Archives/edgar/data/1652044/000165204425000091/0001652044-25-000091-index.htm
Alphabet Inc.,GOOG,2024-09-30,2024,Q3,Quarterly,Capital Allocation,cash_flow,Dividends Paid,2455000000.0,USD,https://www.sec.gov/Archives/edgar/data/1652044/000165204425000091/0001652044-25-000091-index.htm
Alphabet Inc.,GOOG,2024-09-30,2024,Q3,Quarterly,Capital Allocation,cash_flow,Share Buybacks,15291000000.0,USD,https://www.sec.gov/Archives/edgar/data/1652044/000165204425000091/0001652044-25-000091-index.htm
Alphabet Inc.,GOOG,2024-09-30,2024,Q3,Quarterly,Capital Allocation,balance_sheet,Shares Outstanding (Diluted),12419000000.0,shares,https://www.sec.gov/Archives/edgar/data/1652044/000165204425000091/0001652044-25-000091-index.htm
Alphabet Inc.,GOOG,2024-09-30,2024,Q3,Quarterly,Cash Generation,cash_flow,Capital Expenditures,13061000000.0,USD,https://www.sec.gov/Archives/edgar/data/1652044/000165204425000091/0001652044-25-000091-index.htm
Alphabet Inc.,GOOG,2024-09-30,2024,Q3,Quarterly,Cash Generation,ratio,FCF Margin,19.98,%,https://www.sec.gov/Archives/edgar/data/1652044/000165204425000091/0001652044-25-000091-index.htm
Alphabet Inc.,GOOG,2024-09-30,2024,Q3,Quarterly,Cash Generation,cash_flow,Free Cash Flow,17637000000.0,USD,https://www.sec.gov/Archives/edgar/data/1652044/000165204425000091/0001652044-25-000091-index.htm
Alphabet Inc.,GOOG,2024-09-30,2024,Q3,Quarterly,Cash Generation,ratio,OCF-to-Net-Income Ratio,1.17,x,https://www.sec.gov/Archives/edgar/data/1652044/000165204425000091/0001652044-25-000091-index.htm
Alphabet Inc.,GOOG,2024-09-30,2024,Q3,Quarterly,Cash Generation,cash_flow,Operating Cash Flow,30698000000.0,USD,https://www.sec.gov/Archives/edgar/data/1652044/000165204425000091/0001652044-25-000091-index.htm
Alphabet Inc.,GOOG,2024-09-30,2024,Q3,Quarterly,Financial Health & Solvency,balance_sheet,Cash & Equivalents,19959000000.0,USD,https://www.sec.gov/Archives/edgar/data/1652044/000165204424000118/0001652044-24-000118-index.htm
Alphabet Inc.,GOOG,2024-09-30,2024,Q3,Quarterly,Financial Health & Solvency,ratio,Current Ratio,1.95,x,https://www.sec.gov/Archives/edgar/data/1652044/000165204424000118/0001652044-24-000118-index.htm
Alphabet Inc.,GOOG,2024-09-30,2024,Q3,Quarterly,Financial Health & Solvency,ratio,Debt-to-Equity,0.01,x,https://www.sec.gov/Archives/edgar/data/1652044/000165204425000091/0001652044-25-000091-index.htm
Alphabet Inc.,GOOG,2024-09-30,2024,Q3,Quarterly,Financial Health & Solvency,ratio,Interest Coverage,528.2,x,https://www.sec.gov/Archives/edgar/data/1652044/000165204425000091/0001652044-25-000091-index.htm
Alphabet Inc.,GOOG,2024-09-30,2024,Q3,Quarterly,Financial Health & Solvency,balance_sheet,Net Debt,-17960000000.0,USD,https://www.sec.gov/Archives/edgar/data/1652044/000165204424000118/0001652044-24-000118-index.htm
Alphabet Inc.,GOOG,2024-09-30,2024,Q3,Quarterly,Financial Health & Solvency,balance_sheet,Total Assets,430266000000.0,USD,https://www.sec.gov/Archives/edgar/data/1652044/000165204424000118/0001652044-24-000118-index.htm
Alphabet Inc.,GOOG,2024-09-30,2024,Q3,Quarterly,Financial Health & Solvency,balance_sheet,Total Debt,1999000000.0,USD,https://www.sec.gov/Archives/edgar/data/1652044/000165204424000118/0001652044-24-000118-index.htm
Alphabet Inc.,GOOG,2024-09-30,2024,Q3,Quarterly,Financial Health & Solvency,balance_sheet,Total Equity,314119000000.0,USD,https://www.sec.gov/Archives/edgar/data/1652044/000165204425000091/0001652044-25-000091-index.htm
Alphabet Inc.,GOOG,2024-09-30,2024,Q3,Quarterly,Growth,income_statement,EPS (Diluted),2.12,USD/share,https://www.sec.gov/Archives/edgar/data/1652044/000165204425000091/0001652044-25-000091-index.htm
Alphabet Inc.,GOOG,2024-09-30,2024,Q3,Quarterly,Growth,ratio,EPS YoY Growth %,36.77,%,https://www.sec.gov/Archives/edgar/data/1652044/000165204425000091/0001652044-25-000091-index.htm
Alphabet Inc.,GOOG,2024-09-30,2024,Q3,Quarterly,Growth,income_statement,Revenue,88268000000.0,USD,https://www.sec.gov/Archives/edgar/data/1652044/000165204424000118/0001652044-24-000118-index.htm
Alphabet Inc.,GOOG,2024-09-30,2024,Q3,Quarterly,Growth,ratio,Revenue YoY Growth %,15.09,%,https://www.sec.gov/Archives/edgar/data/1652044/000165204424000118/0001652044-24-000118-index.htm
Alphabet Inc.,GOOG,2024-09-30,2024,Q3,Quarterly,Profitability,ratio,Gross Margin,58.68,%,https://www.sec.gov/Archives/edgar/data/1652044/000165204424000118/0001652044-24-000118-index.htm
Alphabet Inc.,GOOG,2024-09-30,2024,Q3,Quarterly,Profitability,income_statement,Gross Profit,51794000000.0,USD,https://www.sec.gov/Archives/edgar/data/1652044/000165204424000118/0001652044-24-000118-index.htm
Alphabet Inc.,GOOG,2024-09-30,2024,Q3,Quarterly,Profitability,income_statement,Net Income,26301000000.0,USD,https://www.sec.gov/Archives/edgar/data/1652044/000165204425000091/0001652044-25-000091-index.htm
Alphabet Inc.,GOOG,2024-09-30,2024,Q3,Quarterly,Profitability,ratio,Net Margin,29.8,%,https://www.sec.gov/Archives/edgar/data/1652044/000165204424000118/0001652044-24-000118-index.htm
Alphabet Inc.,GOOG,2024-09-30,2024,Q3,Quarterly,Profitability,income_statement,Operating Income,28521000000.0,USD,https://www.sec.gov/Archives/edgar/data/1652044/000165204425000091/0001652044-25-000091-index.htm
Alphabet Inc.,GOOG,2024-09-30,2024,Q3,Quarterly,Profitability,ratio,Operating Margin,32.31,%,https://www.sec.gov/Archives/edgar/data/1652044/000165204424000118/0001652044-24-000118-index.htm
Alphabet Inc.,GOOG,2024-12-31,2024,Q4,Quarterly,Capital Allocation,ratio,Capex as % of Revenue,14.8,%,https://www.sec.gov/Archives/edgar/data/1652044/000165204426000018/0001652044-26-000018-index.htm
Alphabet Inc.,GOOG,2024-12-31,2024,Q4,Quarterly,Capital Allocation,cash_flow,Dividends Paid,2442000000.0,USD,https://www.sec.gov/Archives/edgar/data/1652044/000165204426000018/0001652044-26-000018-index.htm
Alphabet Inc.,GOOG,2024-12-31,2024,Q4,Quarterly,Capital Allocation,cash_flow,Share Buybacks,15551000000.0,USD,https://www.sec.gov/Archives/edgar/data/1652044/000165204426000018/0001652044-26-000018-index.htm
Alphabet Inc.,GOOG,2024-12-31,2024,Q4,Quarterly,Capital Allocation,balance_sheet,Shares Outstanding (Diluted),12447000000.0,shares,https://www.sec.gov/Archives/edgar/data/1652044/000165204426000018/0001652044-26-000018-index.htm
Alphabet Inc.,GOOG,2024-12-31,2024,Q4,Quarterly,Cash Generation,cash_flow,Capital Expenditures,14276000000.0,USD,https://www.sec.gov/Archives/edgar/data/1652044/000165204426000018/0001652044-26-000018-index.htm
Alphabet Inc.,GOOG,2024-12-31,2024,Q4,Quarterly,Cash Generation,ratio,FCF Margin,25.75,%,https://www.sec.gov/Archives/edgar/data/1652044/000165204426000018/0001652044-26-000018-index.htm
Alphabet Inc.,GOOG,2024-12-31,2024,Q4,Quarterly,Cash Generation,cash_flow,Free Cash Flow,24837000000.0,USD,https://www.sec.gov/Archives/edgar/data/1652044/000165204426000018/0001652044-26-000018-index.htm
Alphabet Inc.,GOOG,2024-12-31,2024,Q4,Quarterly,Cash Generation,ratio,OCF-to-Net-Income Ratio,1.47,x,https://www.sec.gov/Archives/edgar/data/1652044/000165204426000018/0001652044-26-000018-index.htm
Alphabet Inc.,GOOG,2024-12-31,2024,Q4,Quarterly,Cash Generation,cash_flow,Operating Cash Flow,39113000000.0,USD,https://www.sec.gov/Archives/edgar/data/1652044/000165204426000018/0001652044-26-000018-index.htm
Alphabet Inc.,GOOG,2024-12-31,2024,Q4,Quarterly,Financial Health & Solvency,balance_sheet,Cash & Equivalents,23466000000.0,USD,https://www.sec.gov/Archives/edgar/data/1652044/000165204426000018/0001652044-26-000018-index.htm
Alphabet Inc.,GOOG,2024-12-31,2024,Q4,Quarterly,Financial Health & Solvency,ratio,Current Ratio,1.84,x,https://www.sec.gov/Archives/edgar/data/1652044/000165204426000018/0001652044-26-000018-index.htm
Alphabet Inc.,GOOG,2024-12-31,2024,Q4,Quarterly,Financial Health & Solvency,ratio,Debt-to-Equity,0.04,x,https://www.sec.gov/Archives/edgar/data/1652044/000165204426000048/0001652044-26-000048-index.htm
Alphabet Inc.,GOOG,2024-12-31,2024,Q4,Quarterly,Financial Health & Solvency,ratio,Interest Coverage,584.4,x,https://www.sec.gov/Archives/edgar/data/1652044/000165204426000018/0001652044-26-000018-index.htm
Alphabet Inc.,GOOG,2024-12-31,2024,Q4,Quarterly,Financial Health & Solvency,balance_sheet,Net Debt,-9284000000.0,USD,https://www.sec.gov/Archives/edgar/data/1652044/000165204426000018/0001652044-26-000018-index.htm
Alphabet Inc.,GOOG,2024-12-31,2024,Q4,Quarterly,Financial Health & Solvency,balance_sheet,Total Assets,450256000000.0,USD,https://www.sec.gov/Archives/edgar/data/1652044/000165204426000018/0001652044-26-000018-index.htm
Alphabet Inc.,GOOG,2024-12-31,2024,Q4,Quarterly,Financial Health & Solvency,balance_sheet,Total Debt,14182000000.0,USD,https://www.sec.gov/Archives/edgar/data/1652044/000165204426000018/0001652044-26-000018-index.htm
Alphabet Inc.,GOOG,2024-12-31,2024,Q4,Quarterly,Financial Health & Solvency,balance_sheet,Total Equity,325084000000.0,USD,https://www.sec.gov/Archives/edgar/data/1652044/000165204426000048/0001652044-26-000048-index.htm
Alphabet Inc.,GOOG,2024-12-31,2024,Q4,Quarterly,Growth,income_statement,EPS (Diluted),2.139999999999999,USD/share,https://www.sec.gov/Archives/edgar/data/1652044/000165204426000018/0001652044-26-000018-index.htm
Alphabet Inc.,GOOG,2024-12-31,2024,Q4,Quarterly,Growth,ratio,EPS YoY Growth %,30.49,%,https://www.sec.gov/Archives/edgar/data/1652044/000165204426000018/0001652044-26-000018-index.htm
Alphabet Inc.,GOOG,2024-12-31,2024,Q4,Quarterly,Growth,income_statement,Revenue,96469000000.0,USD,https://www.sec.gov/Archives/edgar/data/1652044/000165204425000014/0001652044-25-000014-index.htm
Alphabet Inc.,GOOG,2024-12-31,2024,Q4,Quarterly,Growth,ratio,Revenue YoY Growth %,11.77,%,https://www.sec.gov/Archives/edgar/data/1652044/000165204425000014/0001652044-25-000014-index.htm
Alphabet Inc.,GOOG,2024-12-31,2024,Q4,Quarterly,Profitability,ratio,Gross Margin,57.9,%,https://www.sec.gov/Archives/edgar/data/1652044/000165204425000014/0001652044-25-000014-index.htm
Alphabet Inc.,GOOG,2024-12-31,2024,Q4,Quarterly,Profitability,income_statement,Gross Profit,55856000000.0,USD,https://www.sec.gov/Archives/edgar/data/1652044/000165204425000014/0001652044-25-000014-index.htm
Alphabet Inc.,GOOG,2024-12-31,2024,Q4,Quarterly,Profitability,income_statement,Net Income,26536000000.0,USD,https://www.sec.gov/Archives/edgar/data/1652044/000165204426000018/0001652044-26-000018-index.htm
Alphabet Inc.,GOOG,2024-12-31,2024,Q4,Quarterly,Profitability,ratio,Net Margin,27.51,%,https://www.sec.gov/Archives/edgar/data/1652044/000165204425000014/0001652044-25-000014-index.htm
Alphabet Inc.,GOOG,2024-12-31,2024,Q4,Quarterly,Profitability,income_statement,Operating Income,30972000000.0,USD,https://www.sec.gov/Archives/edgar/data/1652044/000165204426000018/0001652044-26-000018-index.htm
Alphabet Inc.,GOOG,2024-12-31,2024,Q4,Quarterly,Profitability,ratio,Operating Margin,32.11,%,https://www.sec.gov/Archives/edgar/data/1652044/000165204425000014/0001652044-25-000014-index.htm
Alphabet Inc.,GOOG,2025-03-31,2025,Q1,Quarterly,Capital Allocation,ratio,Capex as % of Revenue,19.06,%,https://www.sec.gov/Archives/edgar/data/1652044/000165204426000048/0001652044-26-000048-index.htm
Alphabet Inc.,GOOG,2025-03-31,2025,Q1,Quarterly,Capital Allocation,cash_flow,Dividends Paid,2434000000.0,USD,https://www.sec.gov/Archives/edgar/data/1652044/000165204426000048/0001652044-26-000048-index.htm
Alphabet Inc.,GOOG,2025-03-31,2025,Q1,Quarterly,Capital Allocation,cash_flow,Share Buybacks,15068000000.0,USD,https://www.sec.gov/Archives/edgar/data/1652044/000165204426000048/0001652044-26-000048-index.htm
Alphabet Inc.,GOOG,2025-03-31,2025,Q1,Quarterly,Capital Allocation,balance_sheet,Shares Outstanding (Diluted),12291000000.0,shares,https://www.sec.gov/Archives/edgar/data/1652044/000165204426000048/0001652044-26-000048-index.htm
Alphabet Inc.,GOOG,2025-03-31,2025,Q1,Quarterly,Cash Generation,cash_flow,Capital Expenditures,17197000000.0,USD,https://www.sec.gov/Archives/edgar/data/1652044/000165204426000048/0001652044-26-000048-index.htm
Alphabet Inc.,GOOG,2025-03-31,2025,Q1,Quarterly,Cash Generation,ratio,FCF Margin,21.0,%,https://www.sec.gov/Archives/edgar/data/1652044/000165204426000048/0001652044-26-000048-index.htm
Alphabet Inc.,GOOG,2025-03-31,2025,Q1,Quarterly,Cash Generation,cash_flow,Free Cash Flow,18953000000.0,USD,https://www.sec.gov/Archives/edgar/data/1652044/000165204426000048/0001652044-26-000048-index.htm
Alphabet Inc.,GOOG,2025-03-31,2025,Q1,Quarterly,Cash Generation,ratio,OCF-to-Net-Income Ratio,1.05,x,https://www.sec.gov/Archives/edgar/data/1652044/000165204426000048/0001652044-26-000048-index.htm
Alphabet Inc.,GOOG,2025-03-31,2025,Q1,Quarterly,Cash Generation,cash_flow,Operating Cash Flow,36150000000.0,USD,https://www.sec.gov/Archives/edgar/data/1652044/000165204426000048/0001652044-26-000048-index.htm
Alphabet Inc.,GOOG,2025-03-31,2025,Q1,Quarterly,Financial Health & Solvency,balance_sheet,Cash & Equivalents,23264000000.0,USD,https://www.sec.gov/Archives/edgar/data/1652044/000165204425000043/0001652044-25-000043-index.htm
Alphabet Inc.,GOOG,2025-03-31,2025,Q1,Quarterly,Financial Health & Solvency,ratio,Current Ratio,1.77,x,https://www.sec.gov/Archives/edgar/data/1652044/000165204425000043/0001652044-25-000043-index.htm
Alphabet Inc.,GOOG,2025-03-31,2025,Q1,Quarterly,Financial Health & Solvency,ratio,Debt-to-Equity,0.04,x,https://www.sec.gov/Archives/edgar/data/1652044/000165204426000048/0001652044-26-000048-index.htm
Alphabet Inc.,GOOG,2025-03-31,2025,Q1,Quarterly,Financial Health & Solvency,ratio,Interest Coverage,900.2,x,https://www.sec.gov/Archives/edgar/data/1652044/000165204426000048/0001652044-26-000048-index.htm
Alphabet Inc.,GOOG,2025-03-31,2025,Q1,Quarterly,Financial Health & Solvency,balance_sheet,Net Debt,-8878000000.0,USD,https://www.sec.gov/Archives/edgar/data/1652044/000165204425000043/0001652044-25-000043-index.htm
Alphabet Inc.,GOOG,2025-03-31,2025,Q1,Quarterly,Financial Health & Solvency,balance_sheet,Total Assets,475374000000.0,USD,https://www.sec.gov/Archives/edgar/data/1652044/000165204425000043/0001652044-25-000043-index.htm
Alphabet Inc.,GOOG,2025-03-31,2025,Q1,Quarterly,Financial Health & Solvency,balance_sheet,Total Debt,14386000000.0,USD,https://www.sec.gov/Archives/edgar/data/1652044/000165204425000043/0001652044-25-000043-index.htm
Alphabet Inc.,GOOG,2025-03-31,2025,Q1,Quarterly,Financial Health & Solvency,balance_sheet,Total Equity,345267000000.0,USD,https://www.sec.gov/Archives/edgar/data/1652044/000165204426000048/0001652044-26-000048-index.htm
Alphabet Inc.,GOOG,2025-03-31,2025,Q1,Quarterly,Growth,income_statement,EPS (Diluted),2.81,USD/share,https://www.sec.gov/Archives/edgar/data/1652044/000165204426000048/0001652044-26-000048-index.htm
Alphabet Inc.,GOOG,2025-03-31,2025,Q1,Quarterly,Growth,ratio,EPS YoY Growth %,48.68,%,https://www.sec.gov/Archives/edgar/data/1652044/000165204426000048/0001652044-26-000048-index.htm
Alphabet Inc.,GOOG,2025-03-31,2025,Q1,Quarterly,Growth,income_statement,Revenue,90234000000.0,USD,https://www.sec.gov/Archives/edgar/data/1652044/000165204425000043/0001652044-25-000043-index.htm
Alphabet Inc.,GOOG,2025-03-31,2025,Q1,Quarterly,Growth,ratio,Revenue YoY Growth %,12.04,%,https://www.sec.gov/Archives/edgar/data/1652044/000165204425000043/0001652044-25-000043-index.htm
Alphabet Inc.,GOOG,2025-03-31,2025,Q1,Quarterly,Profitability,ratio,Gross Margin,59.7,%,https://www.sec.gov/Archives/edgar/data/1652044/000165204425000043/0001652044-25-000043-index.htm
Alphabet Inc.,GOOG,2025-03-31,2025,Q1,Quarterly,Profitability,income_statement,Gross Profit,53873000000.0,USD,https://www.sec.gov/Archives/edgar/data/1652044/000165204425000043/0001652044-25-000043-index.htm
Alphabet Inc.,GOOG,2025-03-31,2025,Q1,Quarterly,Profitability,income_statement,Net Income,34540000000.0,USD,https://www.sec.gov/Archives/edgar/data/1652044/000165204426000048/0001652044-26-000048-index.htm
Alphabet Inc.,GOOG,2025-03-31,2025,Q1,Quarterly,Profitability,ratio,Net Margin,38.28,%,https://www.sec.gov/Archives/edgar/data/1652044/000165204425000043/0001652044-25-000043-index.htm
Alphabet Inc.,GOOG,2025-03-31,2025,Q1,Quarterly,Profitability,income_statement,Operating Income,30606000000.0,USD,https://www.sec.gov/Archives/edgar/data/1652044/000165204426000048/0001652044-26-000048-index.htm
Alphabet Inc.,GOOG,2025-03-31,2025,Q1,Quarterly,Profitability,ratio,Operating Margin,33.92,%,https://www.sec.gov/Archives/edgar/data/1652044/000165204425000043/0001652044-25-000043-index.htm
Alphabet Inc.,GOOG,2025-06-30,2025,Q2,Quarterly,Capital Allocation,ratio,Capex as % of Revenue,23.28,%,https://www.sec.gov/Archives/edgar/data/1652044/000165204425000062/0001652044-25-000062-index.htm
Alphabet Inc.,GOOG,2025-06-30,2025,Q2,Quarterly,Capital Allocation,cash_flow,Dividends Paid,2543000000.0,USD,https://www.sec.gov/Archives/edgar/data/1652044/000165204425000062/0001652044-25-000062-index.htm
Alphabet Inc.,GOOG,2025-06-30,2025,Q2,Quarterly,Capital Allocation,cash_flow,Share Buybacks,13638000000.0,USD,https://www.sec.gov/Archives/edgar/data/1652044/000165204425000062/0001652044-25-000062-index.htm
Alphabet Inc.,GOOG,2025-06-30,2025,Q2,Quarterly,Capital Allocation,balance_sheet,Shares Outstanding (Diluted),12198000000.0,shares,https://www.sec.gov/Archives/edgar/data/1652044/000165204425000062/0001652044-25-000062-index.htm
Alphabet Inc.,GOOG,2025-06-30,2025,Q2,Quarterly,Cash Generation,cash_flow,Capital Expenditures,22446000000.0,USD,https://www.sec.gov/Archives/edgar/data/1652044/000165204425000062/0001652044-25-000062-index.htm
Alphabet Inc.,GOOG,2025-06-30,2025,Q2,Quarterly,Cash Generation,ratio,FCF Margin,5.5,%,https://www.sec.gov/Archives/edgar/data/1652044/000165204425000062/0001652044-25-000062-index.htm
Alphabet Inc.,GOOG,2025-06-30,2025,Q2,Quarterly,Cash Generation,cash_flow,Free Cash Flow,5301000000.0,USD,https://www.sec.gov/Archives/edgar/data/1652044/000165204425000062/0001652044-25-000062-index.htm
Alphabet Inc.,GOOG,2025-06-30,2025,Q2,Quarterly,Cash Generation,ratio,OCF-to-Net-Income Ratio,0.98,x,https://www.sec.gov/Archives/edgar/data/1652044/000165204425000062/0001652044-25-000062-index.htm
Alphabet Inc.,GOOG,2025-06-30,2025,Q2,Quarterly,Cash Generation,cash_flow,Operating Cash Flow,27747000000.0,USD,https://www.sec.gov/Archives/edgar/data/1652044/000165204425000062/0001652044-25-000062-index.htm
Alphabet Inc.,GOOG,2025-06-30,2025,Q2,Quarterly,Financial Health & Solvency,balance_sheet,Cash & Equivalents,21036000000.0,USD,https://www.sec.gov/Archives/edgar/data/1652044/000165204425000062/0001652044-25-000062-index.htm
Alphabet Inc.,GOOG,2025-06-30,2025,Q2,Quarterly,Financial Health & Solvency,ratio,Current Ratio,1.9,x,https://www.sec.gov/Archives/edgar/data/1652044/000165204425000062/0001652044-25-000062-index.htm
Alphabet Inc.,GOOG,2025-06-30,2025,Q2,Quarterly,Financial Health & Solvency,ratio,Debt-to-Equity,0.08,x,https://www.sec.gov/Archives/edgar/data/1652044/000165204425000091/0001652044-25-000091-index.htm
Alphabet Inc.,GOOG,2025-06-30,2025,Q2,Quarterly,Financial Health & Solvency,ratio,Interest Coverage,119.8,x,https://www.sec.gov/Archives/edgar/data/1652044/000165204425000062/0001652044-25-000062-index.htm
Alphabet Inc.,GOOG,2025-06-30,2025,Q2,Quarterly,Financial Health & Solvency,balance_sheet,Net Debt,6571000000.0,USD,https://www.sec.gov/Archives/edgar/data/1652044/000165204425000062/0001652044-25-000062-index.htm
Alphabet Inc.,GOOG,2025-06-30,2025,Q2,Quarterly,Financial Health & Solvency,balance_sheet,Total Assets,502053000000.0,USD,https://www.sec.gov/Archives/edgar/data/1652044/000165204425000062/0001652044-25-000062-index.htm
Alphabet Inc.,GOOG,2025-06-30,2025,Q2,Quarterly,Financial Health & Solvency,balance_sheet,Total Debt,27607000000.0,USD,https://www.sec.gov/Archives/edgar/data/1652044/000165204425000062/0001652044-25-000062-index.htm
Alphabet Inc.,GOOG,2025-06-30,2025,Q2,Quarterly,Financial Health & Solvency,balance_sheet,Total Equity,362916000000.0,USD,https://www.sec.gov/Archives/edgar/data/1652044/000165204425000091/0001652044-25-000091-index.htm
Alphabet Inc.,GOOG,2025-06-30,2025,Q2,Quarterly,Growth,income_statement,EPS (Diluted),2.31,USD/share,https://www.sec.gov/Archives/edgar/data/1652044/000165204425000062/0001652044-25-000062-index.htm
Alphabet Inc.,GOOG,2025-06-30,2025,Q2,Quarterly,Growth,ratio,EPS YoY Growth %,22.22,%,https://www.sec.gov/Archives/edgar/data/1652044/000165204425000062/0001652044-25-000062-index.htm
Alphabet Inc.,GOOG,2025-06-30,2025,Q2,Quarterly,Growth,income_statement,Revenue,96428000000.0,USD,https://www.sec.gov/Archives/edgar/data/1652044/000165204425000062/0001652044-25-000062-index.htm
Alphabet Inc.,GOOG,2025-06-30,2025,Q2,Quarterly,Growth,ratio,Revenue YoY Growth %,13.79,%,https://www.sec.gov/Archives/edgar/data/1652044/000165204425000062/0001652044-25-000062-index.htm
Alphabet Inc.,GOOG,2025-06-30,2025,Q2,Quarterly,Profitability,ratio,Gross Margin,59.51,%,https://www.sec.gov/Archives/edgar/data/1652044/000165204425000062/0001652044-25-000062-index.htm
Alphabet Inc.,GOOG,2025-06-30,2025,Q2,Quarterly,Profitability,income_statement,Gross Profit,57389000000.0,USD,https://www.sec.gov/Archives/edgar/data/1652044/000165204425000062/0001652044-25-000062-index.htm
Alphabet Inc.,GOOG,2025-06-30,2025,Q2,Quarterly,Profitability,income_statement,Net Income,28196000000.0,USD,https://www.sec.gov/Archives/edgar/data/1652044/000165204425000062/0001652044-25-000062-index.htm
Alphabet Inc.,GOOG,2025-06-30,2025,Q2,Quarterly,Profitability,ratio,Net Margin,29.24,%,https://www.sec.gov/Archives/edgar/data/1652044/000165204425000062/0001652044-25-000062-index.htm
Alphabet Inc.,GOOG,2025-06-30,2025,Q2,Quarterly,Profitability,income_statement,Operating Income,31271000000.0,USD,https://www.sec.gov/Archives/edgar/data/1652044/000165204425000062/0001652044-25-000062-index.htm
Alphabet Inc.,GOOG,2025-06-30,2025,Q2,Quarterly,Profitability,ratio,Operating Margin,32.43,%,https://www.sec.gov/Archives/edgar/data/1652044/000165204425000062/0001652044-25-000062-index.htm
Alphabet Inc.,GOOG,2025-09-30,2025,Q3,Quarterly,Capital Allocation,ratio,Capex as % of Revenue,23.4,%,https://www.sec.gov/Archives/edgar/data/1652044/000165204425000091/0001652044-25-000091-index.htm
Alphabet Inc.,GOOG,2025-09-30,2025,Q3,Quarterly,Capital Allocation,cash_flow,Dividends Paid,2536000000.0,USD,https://www.sec.gov/Archives/edgar/data/1652044/000165204425000091/0001652044-25-000091-index.htm
Alphabet Inc.,GOOG,2025-09-30,2025,Q3,Quarterly,Capital Allocation,cash_flow,Share Buybacks,11504000000.0,USD,https://www.sec.gov/Archives/edgar/data/1652044/000165204425000091/0001652044-25-000091-index.htm
Alphabet Inc.,GOOG,2025-09-30,2025,Q3,Quarterly,Capital Allocation,balance_sheet,Shares Outstanding (Diluted),12203000000.0,shares,https://www.sec.gov/Archives/edgar/data/1652044/000165204425000091/0001652044-25-000091-index.htm
Alphabet Inc.,GOOG,2025-09-30,2025,Q3,Quarterly,Cash Generation,cash_flow,Capital Expenditures,23953000000.0,USD,https://www.sec.gov/Archives/edgar/data/1652044/000165204425000091/0001652044-25-000091-index.htm
Alphabet Inc.,GOOG,2025-09-30,2025,Q3,Quarterly,Cash Generation,ratio,FCF Margin,23.9,%,https://www.sec.gov/Archives/edgar/data/1652044/000165204425000091/0001652044-25-000091-index.htm
Alphabet Inc.,GOOG,2025-09-30,2025,Q3,Quarterly,Cash Generation,cash_flow,Free Cash Flow,24461000000.0,USD,https://www.sec.gov/Archives/edgar/data/1652044/000165204425000091/0001652044-25-000091-index.htm
Alphabet Inc.,GOOG,2025-09-30,2025,Q3,Quarterly,Cash Generation,ratio,OCF-to-Net-Income Ratio,1.38,x,https://www.sec.gov/Archives/edgar/data/1652044/000165204425000091/0001652044-25-000091-index.htm
Alphabet Inc.,GOOG,2025-09-30,2025,Q3,Quarterly,Cash Generation,cash_flow,Operating Cash Flow,48414000000.0,USD,https://www.sec.gov/Archives/edgar/data/1652044/000165204425000091/0001652044-25-000091-index.htm
Alphabet Inc.,GOOG,2025-09-30,2025,Q3,Quarterly,Financial Health & Solvency,balance_sheet,Cash & Equivalents,23090000000.0,USD,https://www.sec.gov/Archives/edgar/data/1652044/000165204425000091/0001652044-25-000091-index.htm
Alphabet Inc.,GOOG,2025-09-30,2025,Q3,Quarterly,Financial Health & Solvency,ratio,Current Ratio,1.75,x,https://www.sec.gov/Archives/edgar/data/1652044/000165204425000091/0001652044-25-000091-index.htm
Alphabet Inc.,GOOG,2025-09-30,2025,Q3,Quarterly,Financial Health & Solvency,ratio,Debt-to-Equity,0.07,x,https://www.sec.gov/Archives/edgar/data/1652044/000165204425000091/0001652044-25-000091-index.htm
Alphabet Inc.,GOOG,2025-09-30,2025,Q3,Quarterly,Financial Health & Solvency,ratio,Interest Coverage,218.4,x,https://www.sec.gov/Archives/edgar/data/1652044/000165204425000091/0001652044-25-000091-index.htm
Alphabet Inc.,GOOG,2025-09-30,2025,Q3,Quarterly,Financial Health & Solvency,balance_sheet,Net Debt,3512000000.0,USD,https://www.sec.gov/Archives/edgar/data/1652044/000165204425000091/0001652044-25-000091-index.htm
Alphabet Inc.,GOOG,2025-09-30,2025,Q3,Quarterly,Financial Health & Solvency,balance_sheet,Total Assets,536469000000.0,USD,https://www.sec.gov/Archives/edgar/data/1652044/000165204425000091/0001652044-25-000091-index.htm
Alphabet Inc.,GOOG,2025-09-30,2025,Q3,Quarterly,Financial Health & Solvency,balance_sheet,Total Debt,26602000000.0,USD,https://www.sec.gov/Archives/edgar/data/1652044/000165204425000091/0001652044-25-000091-index.htm
Alphabet Inc.,GOOG,2025-09-30,2025,Q3,Quarterly,Financial Health & Solvency,balance_sheet,Total Equity,386867000000.0,USD,https://www.sec.gov/Archives/edgar/data/1652044/000165204425000091/0001652044-25-000091-index.htm
Alphabet Inc.,GOOG,2025-09-30,2025,Q3,Quarterly,Growth,income_statement,EPS (Diluted),2.87,USD/share,https://www.sec.gov/Archives/edgar/data/1652044/000165204425000091/0001652044-25-000091-index.htm
Alphabet Inc.,GOOG,2025-09-30,2025,Q3,Quarterly,Growth,ratio,EPS YoY Growth %,35.38,%,https://www.sec.gov/Archives/edgar/data/1652044/000165204425000091/0001652044-25-000091-index.htm
Alphabet Inc.,GOOG,2025-09-30,2025,Q3,Quarterly,Growth,income_statement,Revenue,102346000000.0,USD,https://www.sec.gov/Archives/edgar/data/1652044/000165204425000091/0001652044-25-000091-index.htm
Alphabet Inc.,GOOG,2025-09-30,2025,Q3,Quarterly,Growth,ratio,Revenue YoY Growth %,15.95,%,https://www.sec.gov/Archives/edgar/data/1652044/000165204425000091/0001652044-25-000091-index.htm
Alphabet Inc.,GOOG,2025-09-30,2025,Q3,Quarterly,Profitability,ratio,Gross Margin,59.58,%,https://www.sec.gov/Archives/edgar/data/1652044/000165204425000091/0001652044-25-000091-index.htm
Alphabet Inc.,GOOG,2025-09-30,2025,Q3,Quarterly,Profitability,income_statement,Gross Profit,60977000000.0,USD,https://www.sec.gov/Archives/edgar/data/1652044/000165204425000091/0001652044-25-000091-index.htm
Alphabet Inc.,GOOG,2025-09-30,2025,Q3,Quarterly,Profitability,income_statement,Net Income,34979000000.0,USD,https://www.sec.gov/Archives/edgar/data/1652044/000165204425000091/0001652044-25-000091-index.htm
Alphabet Inc.,GOOG,2025-09-30,2025,Q3,Quarterly,Profitability,ratio,Net Margin,34.18,%,https://www.sec.gov/Archives/edgar/data/1652044/000165204425000091/0001652044-25-000091-index.htm
Alphabet Inc.,GOOG,2025-09-30,2025,Q3,Quarterly,Profitability,income_statement,Operating Income,31228000000.0,USD,https://www.sec.gov/Archives/edgar/data/1652044/000165204425000091/0001652044-25-000091-index.htm
Alphabet Inc.,GOOG,2025-09-30,2025,Q3,Quarterly,Profitability,ratio,Operating Margin,30.51,%,https://www.sec.gov/Archives/edgar/data/1652044/000165204425000091/0001652044-25-000091-index.htm
Alphabet Inc.,GOOG,2025-12-31,2025,Q4,Quarterly,Capital Allocation,ratio,Capex as % of Revenue,24.47,%,https://www.sec.gov/Archives/edgar/data/1652044/000165204426000018/0001652044-26-000018-index.htm
Alphabet Inc.,GOOG,2025-12-31,2025,Q4,Quarterly,Capital Allocation,cash_flow,Dividends Paid,2536000000.0,USD,https://www.sec.gov/Archives/edgar/data/1652044/000165204426000018/0001652044-26-000018-index.htm
Alphabet Inc.,GOOG,2025-12-31,2025,Q4,Quarterly,Capital Allocation,cash_flow,Share Buybacks,5499000000.0,USD,https://www.sec.gov/Archives/edgar/data/1652044/000165204426000018/0001652044-26-000018-index.htm
Alphabet Inc.,GOOG,2025-12-31,2025,Q4,Quarterly,Capital Allocation,balance_sheet,Shares Outstanding (Diluted),12230000000.0,shares,https://www.sec.gov/Archives/edgar/data/1652044/000165204426000018/0001652044-26-000018-index.htm
Alphabet Inc.,GOOG,2025-12-31,2025,Q4,Quarterly,Cash Generation,cash_flow,Capital Expenditures,27851000000.0,USD,https://www.sec.gov/Archives/edgar/data/1652044/000165204426000018/0001652044-26-000018-index.htm
Alphabet Inc.,GOOG,2025-12-31,2025,Q4,Quarterly,Cash Generation,ratio,FCF Margin,21.57,%,https://www.sec.gov/Archives/edgar/data/1652044/000165204426000018/0001652044-26-000018-index.htm
Alphabet Inc.,GOOG,2025-12-31,2025,Q4,Quarterly,Cash Generation,cash_flow,Free Cash Flow,24551000000.0,USD,https://www.sec.gov/Archives/edgar/data/1652044/000165204426000018/0001652044-26-000018-index.htm
Alphabet Inc.,GOOG,2025-12-31,2025,Q4,Quarterly,Cash Generation,ratio,OCF-to-Net-Income Ratio,1.52,x,https://www.sec.gov/Archives/edgar/data/1652044/000165204426000018/0001652044-26-000018-index.htm
Alphabet Inc.,GOOG,2025-12-31,2025,Q4,Quarterly,Cash Generation,cash_flow,Operating Cash Flow,52402000000.0,USD,https://www.sec.gov/Archives/edgar/data/1652044/000165204426000018/0001652044-26-000018-index.htm
Alphabet Inc.,GOOG,2025-12-31,2025,Q4,Quarterly,Financial Health & Solvency,balance_sheet,Cash & Equivalents,30708000000.0,USD,https://www.sec.gov/Archives/edgar/data/1652044/000165204426000048/0001652044-26-000048-index.htm
Alphabet Inc.,GOOG,2025-12-31,2025,Q4,Quarterly,Financial Health & Solvency,ratio,Current Ratio,2.01,x,https://www.sec.gov/Archives/edgar/data/1652044/000165204426000048/0001652044-26-000048-index.htm
Alphabet Inc.,GOOG,2025-12-31,2025,Q4,Quarterly,Financial Health & Solvency,ratio,Debt-to-Equity,0.12,x,https://www.sec.gov/Archives/edgar/data/1652044/000165204426000048/0001652044-26-000048-index.htm
Alphabet Inc.,GOOG,2025-12-31,2025,Q4,Quarterly,Financial Health & Solvency,ratio,Interest Coverage,120.6,x,https://www.sec.gov/Archives/edgar/data/1652044/000165204426000018/0001652044-26-000018-index.htm
Alphabet Inc.,GOOG,2025-12-31,2025,Q4,Quarterly,Financial Health & Solvency,balance_sheet,Net Debt,17835000000.0,USD,https://www.sec.gov/Archives/edgar/data/1652044/000165204426000048/0001652044-26-000048-index.htm
Alphabet Inc.,GOOG,2025-12-31,2025,Q4,Quarterly,Financial Health & Solvency,balance_sheet,Total Assets,595281000000.0,USD,https://www.sec.gov/Archives/edgar/data/1652044/000165204426000048/0001652044-26-000048-index.htm
Alphabet Inc.,GOOG,2025-12-31,2025,Q4,Quarterly,Financial Health & Solvency,balance_sheet,Total Debt,48543000000.0,USD,https://www.sec.gov/Archives/edgar/data/1652044/000165204426000048/0001652044-26-000048-index.htm
Alphabet Inc.,GOOG,2025-12-31,2025,Q4,Quarterly,Financial Health & Solvency,balance_sheet,Total Equity,415265000000.0,USD,https://www.sec.gov/Archives/edgar/data/1652044/000165204426000048/0001652044-26-000048-index.htm
Alphabet Inc.,GOOG,2025-12-31,2025,Q4,Quarterly,Growth,income_statement,EPS (Diluted),2.8200000000000003,USD/share,https://www.sec.gov/Archives/edgar/data/1652044/000165204426000018/0001652044-26-000018-index.htm
Alphabet Inc.,GOOG,2025-12-31,2025,Q4,Quarterly,Growth,ratio,EPS YoY Growth %,31.78,%,https://www.sec.gov/Archives/edgar/data/1652044/000165204426000018/0001652044-26-000018-index.htm
Alphabet Inc.,GOOG,2025-12-31,2025,Q4,Quarterly,Growth,income_statement,Revenue,113829000000.0,USD,https://www.sec.gov/Archives/edgar/data/1652044/000165204426000018/0001652044-26-000018-index.htm
Alphabet Inc.,GOOG,2025-12-31,2025,Q4,Quarterly,Growth,ratio,Revenue YoY Growth %,18.0,%,https://www.sec.gov/Archives/edgar/data/1652044/000165204426000018/0001652044-26-000018-index.htm
Alphabet Inc.,GOOG,2025-12-31,2025,Q4,Quarterly,Profitability,ratio,Gross Margin,59.79,%,https://www.sec.gov/Archives/edgar/data/1652044/000165204426000018/0001652044-26-000018-index.htm
Alphabet Inc.,GOOG,2025-12-31,2025,Q4,Quarterly,Profitability,income_statement,Gross Profit,68062000000.0,USD,https://www.sec.gov/Archives/edgar/data/1652044/000165204426000018/0001652044-26-000018-index.htm
Alphabet Inc.,GOOG,2025-12-31,2025,Q4,Quarterly,Profitability,income_statement,Net Income,34455000000.0,USD,https://www.sec.gov/Archives/edgar/data/1652044/000165204426000018/0001652044-26-000018-index.htm
Alphabet Inc.,GOOG,2025-12-31,2025,Q4,Quarterly,Profitability,ratio,Net Margin,30.27,%,https://www.sec.gov/Archives/edgar/data/1652044/000165204426000018/0001652044-26-000018-index.htm
Alphabet Inc.,GOOG,2025-12-31,2025,Q4,Quarterly,Profitability,income_statement,Operating Income,35934000000.0,USD,https://www.sec.gov/Archives/edgar/data/1652044/000165204426000018/0001652044-26-000018-index.htm
Alphabet Inc.,GOOG,2025-12-31,2025,Q4,Quarterly,Profitability,ratio,Operating Margin,31.57,%,https://www.sec.gov/Archives/edgar/data/1652044/000165204426000018/0001652044-26-000018-index.htm
